symbol,signal_timing,timeframes,filter,adx_above,target,trades,wins,losses,win_pct,avg_R_gross,avg_R_net,ci95_net
BTCUSDT,early (divergence candle),2H-12H,ADX,15,1R,1091,542,548,49.7,-0.006,-0.366,0.14
BTCUSDT,early (divergence candle),2H-12H,ADX,15,2R,1091,378,709,34.8,0.043,-0.318,0.153
BTCUSDT,early (divergence candle),2H-12H,ADX,15,3R,1091,286,801,26.3,0.052,-0.309,0.165
BTCUSDT,early (divergence candle),2H-12H,ADX,20,1R,856,428,427,50.1,0.001,-0.363,0.174
BTCUSDT,early (divergence candle),2H-12H,ADX,20,2R,856,288,565,33.8,0.013,-0.352,0.187
BTCUSDT,early (divergence candle),2H-12H,ADX,20,3R,856,217,636,25.4,0.018,-0.348,0.199
BTCUSDT,early (divergence candle),2H-12H,ADX,25,1R,650,321,329,49.4,-0.012,-0.312,0.167
BTCUSDT,early (divergence candle),2H-12H,ADX,25,2R,650,216,434,33.2,-0.003,-0.302,0.184
BTCUSDT,early (divergence candle),2H-12H,ADX,25,3R,650,162,488,24.9,-0.003,-0.302,0.199
BTCUSDT,early (divergence candle),2H-12H,ADX,30,1R,484,245,239,50.6,0.012,-0.299,0.217
BTCUSDT,early (divergence candle),2H-12H,ADX,30,2R,484,162,322,33.5,0.004,-0.307,0.235
BTCUSDT,early (divergence candle),2H-12H,ADX,30,3R,484,118,366,24.4,-0.025,-0.336,0.25
BTCUSDT,early (divergence candle),2H-12H,EMA 200+ADX,15,1R,306,151,154,49.5,-0.01,-0.247,0.118
BTCUSDT,early (divergence candle),2H-12H,EMA 200+ADX,15,2R,306,116,186,38.4,0.152,-0.087,0.169
BTCUSDT,early (divergence candle),2H-12H,EMA 200+ADX,15,3R,306,89,213,29.5,0.179,-0.06,0.21
BTCUSDT,early (divergence candle),2H-12H,EMA 200+ADX,20,1R,208,103,104,49.8,-0.005,-0.239,0.143
BTCUSDT,early (divergence candle),2H-12H,EMA 200+ADX,20,2R,208,74,131,36.1,0.083,-0.153,0.204
BTCUSDT,early (divergence candle),2H-12H,EMA 200+ADX,20,3R,208,57,148,27.8,0.112,-0.124,0.252
BTCUSDT,early (divergence candle),2H-12H,EMA 200+ADX,25,1R,117,53,64,45.3,-0.094,-0.31,0.193
BTCUSDT,early (divergence candle),2H-12H,EMA 200+ADX,25,2R,117,39,78,33.3,0.0,-0.215,0.267
BTCUSDT,early (divergence candle),2H-12H,EMA 200+ADX,25,3R,117,32,85,27.4,0.094,-0.121,0.33
BTCUSDT,early (divergence candle),2H-12H,EMA 200+ADX,30,1R,55,25,30,45.5,-0.091,-0.311,0.287
BTCUSDT,early (divergence candle),2H-12H,EMA 200+ADX,30,2R,55,18,37,32.7,-0.018,-0.238,0.397
BTCUSDT,early (divergence candle),2H-12H,EMA 200+ADX,30,3R,55,14,41,25.5,0.018,-0.202,0.479
EURUSD,early (divergence candle),2H-12H,ADX,15,1R,773,415,356,53.8,0.076,-0.487,0.164
EURUSD,early (divergence candle),2H-12H,ADX,15,2R,773,305,466,39.6,0.185,-0.378,0.181
EURUSD,early (divergence candle),2H-12H,ADX,15,3R,773,223,548,28.9,0.153,-0.41,0.196
EURUSD,early (divergence candle),2H-12H,ADX,20,1R,564,300,262,53.4,0.066,-0.432,0.161
EURUSD,early (divergence candle),2H-12H,ADX,20,2R,564,228,334,40.6,0.215,-0.283,0.185
EURUSD,early (divergence candle),2H-12H,ADX,20,3R,564,164,398,29.2,0.162,-0.336,0.204
EURUSD,early (divergence candle),2H-12H,ADX,25,1R,412,220,190,53.7,0.072,-0.393,0.174
EURUSD,early (divergence candle),2H-12H,ADX,25,2R,412,173,237,42.2,0.264,-0.2,0.204
EURUSD,early (divergence candle),2H-12H,ADX,25,3R,412,128,282,31.2,0.243,-0.222,0.231
EURUSD,early (divergence candle),2H-12H,ADX,30,1R,292,153,137,52.8,0.054,-0.33,0.147
EURUSD,early (divergence candle),2H-12H,ADX,30,2R,292,122,168,42.1,0.261,-0.124,0.195
EURUSD,early (divergence candle),2H-12H,ADX,30,3R,292,90,200,31.0,0.233,-0.151,0.234
EURUSD,early (divergence candle),2H-12H,EMA 200+ADX,15,1R,186,109,77,58.6,0.172,-0.505,0.404
EURUSD,early (divergence candle),2H-12H,EMA 200+ADX,15,2R,186,90,96,48.4,0.451,-0.226,0.438
EURUSD,early (divergence candle),2H-12H,EMA 200+ADX,15,3R,186,56,130,30.1,0.204,-0.473,0.461
EURUSD,early (divergence candle),2H-12H,EMA 200+ADX,20,1R,121,71,50,58.7,0.174,-0.444,0.451
EURUSD,early (divergence candle),2H-12H,EMA 200+ADX,20,2R,121,60,61,49.6,0.488,-0.13,0.498
EURUSD,early (divergence candle),2H-12H,EMA 200+ADX,20,3R,121,36,85,29.8,0.19,-0.428,0.525
EURUSD,early (divergence candle),2H-12H,EMA 200+ADX,25,1R,67,41,26,61.2,0.224,-0.489,0.761
EURUSD,early (divergence candle),2H-12H,EMA 200+ADX,25,2R,67,36,31,53.7,0.612,-0.101,0.821
EURUSD,early (divergence candle),2H-12H,EMA 200+ADX,25,3R,67,23,44,34.3,0.373,-0.34,0.853
EURUSD,early (divergence candle),2H-12H,EMA 200+ADX,30,1R,26,14,12,53.8,0.077,-0.22,0.392
EURUSD,early (divergence candle),2H-12H,EMA 200+ADX,30,2R,26,13,13,50.0,0.5,0.203,0.617
EURUSD,early (divergence candle),2H-12H,EMA 200+ADX,30,3R,26,7,19,26.9,0.077,-0.22,0.695
XAUUSD,early (divergence candle),2H-12H,ADX,15,1R,821,385,436,46.9,-0.063,-0.188,0.074
XAUUSD,early (divergence candle),2H-12H,ADX,15,2R,821,274,546,33.4,0.002,-0.123,0.101
XAUUSD,early (divergence candle),2H-12H,ADX,15,3R,821,200,618,24.4,-0.026,-0.152,0.121
XAUUSD,early (divergence candle),2H-12H,ADX,20,1R,697,318,379,45.6,-0.088,-0.212,0.08
XAUUSD,early (divergence candle),2H-12H,ADX,20,2R,697,222,474,31.9,-0.044,-0.168,0.108
XAUUSD,early (divergence candle),2H-12H,ADX,20,3R,697,158,537,22.7,-0.096,-0.22,0.128
XAUUSD,early (divergence candle),2H-12H,ADX,25,1R,546,242,304,44.3,-0.114,-0.239,0.09
XAUUSD,early (divergence candle),2H-12H,ADX,25,2R,546,165,381,30.2,-0.094,-0.219,0.12
XAUUSD,early (divergence candle),2H-12H,ADX,25,3R,546,122,424,22.3,-0.112,-0.237,0.144
XAUUSD,early (divergence candle),2H-12H,ADX,30,1R,419,191,228,45.6,-0.089,-0.211,0.104
XAUUSD,early (divergence candle),2H-12H,ADX,30,2R,419,133,286,31.7,-0.048,-0.17,0.14
XAUUSD,early (divergence candle),2H-12H,ADX,30,3R,419,97,322,23.2,-0.082,-0.204,0.168
XAUUSD,early (divergence candle),2H-12H,EMA 200+ADX,15,1R,140,75,65,53.6,0.071,-0.029,0.178
XAUUSD,early (divergence candle),2H-12H,EMA 200+ADX,15,2R,140,54,86,38.6,0.157,0.057,0.25
XAUUSD,early (divergence candle),2H-12H,EMA 200+ADX,15,3R,140,40,100,28.6,0.143,0.043,0.304
XAUUSD,early (divergence candle),2H-12H,EMA 200+ADX,20,1R,112,60,52,53.6,0.071,-0.027,0.199
XAUUSD,early (divergence candle),2H-12H,EMA 200+ADX,20,2R,112,43,69,38.4,0.152,0.054,0.279
XAUUSD,early (divergence candle),2H-12H,EMA 200+ADX,20,3R,112,32,80,28.6,0.143,0.045,0.339
XAUUSD,early (divergence candle),2H-12H,EMA 200+ADX,25,1R,81,40,41,49.4,-0.012,-0.086,0.215
XAUUSD,early (divergence candle),2H-12H,EMA 200+ADX,25,2R,81,27,54,33.3,0.0,-0.073,0.302
XAUUSD,early (divergence candle),2H-12H,EMA 200+ADX,25,3R,81,21,60,25.9,0.037,-0.036,0.374
XAUUSD,early (divergence candle),2H-12H,EMA 200+ADX,30,1R,43,20,23,46.5,-0.07,-0.123,0.295
XAUUSD,early (divergence candle),2H-12H,EMA 200+ADX,30,2R,43,15,28,34.9,0.047,-0.006,0.424
XAUUSD,early (divergence candle),2H-12H,EMA 200+ADX,30,3R,43,12,31,27.9,0.116,0.063,0.532
ALL,early (divergence candle),2H-12H,ADX,15,1R,2685,1342,1340,50.0,0.0,-0.346,0.078
ALL,early (divergence candle),2H-12H,ADX,15,2R,2685,957,1721,35.7,0.071,-0.276,0.087
ALL,early (divergence candle),2H-12H,ADX,15,3R,2685,709,1967,26.5,0.057,-0.29,0.095
ALL,early (divergence candle),2H-12H,ADX,20,1R,2117,1046,1068,49.5,-0.011,-0.332,0.087
ALL,early (divergence candle),2H-12H,ADX,20,2R,2117,738,1373,35.0,0.048,-0.273,0.097
ALL,early (divergence candle),2H-12H,ADX,20,3R,2117,539,1571,25.5,0.019,-0.302,0.106
ALL,early (divergence candle),2H-12H,ADX,25,1R,1608,783,823,48.8,-0.025,-0.308,0.087
ALL,early (divergence candle),2H-12H,ADX,25,2R,1608,554,1052,34.5,0.034,-0.248,0.1
ALL,early (divergence candle),2H-12H,ADX,25,3R,1608,412,1194,25.7,0.023,-0.26,0.111
ALL,early (divergence candle),2H-12H,ADX,30,1R,1195,589,604,49.4,-0.013,-0.276,0.102
ALL,early (divergence candle),2H-12H,ADX,30,2R,1195,417,776,35.0,0.048,-0.215,0.117
ALL,early (divergence candle),2H-12H,ADX,30,3R,1195,305,888,25.6,0.018,-0.245,0.13
ALL,early (divergence candle),2H-12H,EMA 200+ADX,15,1R,632,335,296,53.1,0.062,-0.275,0.138
ALL,early (divergence candle),2H-12H,EMA 200+ADX,15,2R,632,260,368,41.4,0.242,-0.096,0.163
ALL,early (divergence candle),2H-12H,EMA 200+ADX,15,3R,632,185,443,29.5,0.178,-0.16,0.184
ALL,early (divergence candle),2H-12H,EMA 200+ADX,20,1R,441,234,206,53.2,0.064,-0.242,0.151
ALL,early (divergence candle),2H-12H,EMA 200+ADX,20,2R,441,177,261,40.4,0.212,-0.094,0.182
ALL,early (divergence candle),2H-12H,EMA 200+ADX,20,3R,441,125,313,28.5,0.142,-0.165,0.207
ALL,early (divergence candle),2H-12H,EMA 200+ADX,25,1R,265,134,131,50.6,0.011,-0.287,0.221
ALL,early (divergence candle),2H-12H,EMA 200+ADX,25,2R,265,102,163,38.5,0.155,-0.143,0.256
ALL,early (divergence candle),2H-12H,EMA 200+ADX,25,3R,265,76,189,28.7,0.147,-0.151,0.285
ALL,early (divergence candle),2H-12H,EMA 200+ADX,30,1R,124,59,65,47.6,-0.048,-0.226,0.183
ALL,early (divergence candle),2H-12H,EMA 200+ADX,30,2R,124,46,78,37.1,0.113,-0.065,0.265
ALL,early (divergence candle),2H-12H,EMA 200+ADX,30,3R,124,33,91,26.6,0.065,-0.113,0.318
BTCUSDT,"confirmed, 1 candle",2H-12H,ADX,15,1R,659,346,313,52.5,0.05,-0.074,0.081
BTCUSDT,"confirmed, 1 candle",2H-12H,ADX,15,2R,659,244,409,37.4,0.121,-0.004,0.115
BTCUSDT,"confirmed, 1 candle",2H-12H,ADX,15,3R,659,186,467,28.5,0.139,0.014,0.141
BTCUSDT,"confirmed, 1 candle",2H-12H,ADX,20,1R,526,265,261,50.4,0.008,-0.113,0.092
BTCUSDT,"confirmed, 1 candle",2H-12H,ADX,20,2R,526,185,338,35.4,0.061,-0.06,0.127
BTCUSDT,"confirmed, 1 candle",2H-12H,ADX,20,3R,526,139,384,26.6,0.063,-0.058,0.155
BTCUSDT,"confirmed, 1 candle",2H-12H,ADX,25,1R,415,205,210,49.4,-0.012,-0.137,0.106
BTCUSDT,"confirmed, 1 candle",2H-12H,ADX,25,2R,415,140,272,34.0,0.019,-0.106,0.144
BTCUSDT,"confirmed, 1 candle",2H-12H,ADX,25,3R,415,102,310,24.8,-0.01,-0.135,0.172
BTCUSDT,"confirmed, 1 candle",2H-12H,ADX,30,1R,314,156,158,49.7,-0.006,-0.128,0.124
BTCUSDT,"confirmed, 1 candle",2H-12H,ADX,30,2R,314,101,210,32.5,-0.026,-0.148,0.165
BTCUSDT,"confirmed, 1 candle",2H-12H,ADX,30,3R,314,78,233,25.1,0.003,-0.119,0.199
BTCUSDT,"confirmed, 1 candle",2H-12H,EMA 200+ADX,15,1R,191,115,76,60.2,0.204,0.095,0.139
BTCUSDT,"confirmed, 1 candle",2H-12H,EMA 200+ADX,15,2R,191,88,100,46.8,0.404,0.294,0.214
BTCUSDT,"confirmed, 1 candle",2H-12H,EMA 200+ADX,15,3R,191,68,120,36.2,0.447,0.337,0.275
BTCUSDT,"confirmed, 1 candle",2H-12H,EMA 200+ADX,20,1R,127,76,51,59.8,0.197,0.092,0.17
BTCUSDT,"confirmed, 1 candle",2H-12H,EMA 200+ADX,20,2R,127,61,66,48.0,0.441,0.336,0.261
BTCUSDT,"confirmed, 1 candle",2H-12H,EMA 200+ADX,20,3R,127,46,81,36.2,0.449,0.344,0.335
BTCUSDT,"confirmed, 1 candle",2H-12H,EMA 200+ADX,25,1R,73,42,31,57.5,0.151,0.052,0.226
BTCUSDT,"confirmed, 1 candle",2H-12H,EMA 200+ADX,25,2R,73,36,37,49.3,0.479,0.381,0.347
BTCUSDT,"confirmed, 1 candle",2H-12H,EMA 200+ADX,25,3R,73,26,47,35.6,0.425,0.326,0.44
BTCUSDT,"confirmed, 1 candle",2H-12H,EMA 200+ADX,30,1R,34,19,15,55.9,0.118,0.043,0.332
BTCUSDT,"confirmed, 1 candle",2H-12H,EMA 200+ADX,30,2R,34,17,17,50.0,0.5,0.425,0.502
BTCUSDT,"confirmed, 1 candle",2H-12H,EMA 200+ADX,30,3R,34,15,19,44.1,0.765,0.69,0.665
EURUSD,"confirmed, 1 candle",2H-12H,ADX,15,1R,479,263,214,55.1,0.102,-0.092,0.101
EURUSD,"confirmed, 1 candle",2H-12H,ADX,15,2R,479,179,297,37.6,0.127,-0.068,0.14
EURUSD,"confirmed, 1 candle",2H-12H,ADX,15,3R,479,140,336,29.4,0.175,-0.019,0.171
EURUSD,"confirmed, 1 candle",2H-12H,ADX,20,1R,348,196,150,56.6,0.132,-0.037,0.111
EURUSD,"confirmed, 1 candle",2H-12H,ADX,20,2R,348,132,213,38.3,0.146,-0.023,0.158
EURUSD,"confirmed, 1 candle",2H-12H,ADX,20,3R,348,106,239,30.7,0.227,0.058,0.198
EURUSD,"confirmed, 1 candle",2H-12H,ADX,25,1R,257,146,109,57.3,0.144,-0.029,0.131
EURUSD,"confirmed, 1 candle",2H-12H,ADX,25,2R,257,102,152,40.2,0.202,0.029,0.188
EURUSD,"confirmed, 1 candle",2H-12H,ADX,25,3R,257,87,167,34.3,0.368,0.195,0.239
EURUSD,"confirmed, 1 candle",2H-12H,ADX,30,1R,175,93,80,53.8,0.075,-0.079,0.153
EURUSD,"confirmed, 1 candle",2H-12H,ADX,30,2R,175,67,105,39.0,0.167,0.012,0.224
EURUSD,"confirmed, 1 candle",2H-12H,ADX,30,3R,175,58,114,33.7,0.347,0.193,0.287
EURUSD,"confirmed, 1 candle",2H-12H,EMA 200+ADX,15,1R,137,80,57,58.4,0.168,0.026,0.167
EURUSD,"confirmed, 1 candle",2H-12H,EMA 200+ADX,15,2R,137,55,82,40.1,0.204,0.062,0.246
EURUSD,"confirmed, 1 candle",2H-12H,EMA 200+ADX,15,3R,137,39,98,28.5,0.139,-0.004,0.301
EURUSD,"confirmed, 1 candle",2H-12H,EMA 200+ADX,20,1R,94,55,39,58.5,0.17,0.03,0.2
EURUSD,"confirmed, 1 candle",2H-12H,EMA 200+ADX,20,2R,94,34,60,36.2,0.085,-0.056,0.287
EURUSD,"confirmed, 1 candle",2H-12H,EMA 200+ADX,20,3R,94,24,70,25.5,0.021,-0.119,0.347
EURUSD,"confirmed, 1 candle",2H-12H,EMA 200+ADX,25,1R,52,30,22,57.7,0.154,0.009,0.27
EURUSD,"confirmed, 1 candle",2H-12H,EMA 200+ADX,25,2R,52,19,33,36.5,0.096,-0.049,0.386
EURUSD,"confirmed, 1 candle",2H-12H,EMA 200+ADX,25,3R,52,13,39,25.0,0.0,-0.145,0.463
EURUSD,"confirmed, 1 candle",2H-12H,EMA 200+ADX,30,1R,20,7,13,35.0,-0.3,-0.416,0.416
EURUSD,"confirmed, 1 candle",2H-12H,EMA 200+ADX,30,2R,20,4,16,20.0,-0.4,-0.516,0.52
EURUSD,"confirmed, 1 candle",2H-12H,EMA 200+ADX,30,3R,20,3,17,15.0,-0.4,-0.516,0.62
XAUUSD,"confirmed, 1 candle",2H-12H,ADX,15,1R,434,217,214,50.3,0.007,-0.03,0.095
XAUUSD,"confirmed, 1 candle",2H-12H,ADX,15,2R,434,141,286,33.0,-0.009,-0.046,0.134
XAUUSD,"confirmed, 1 candle",2H-12H,ADX,15,3R,434,119,308,27.9,0.115,0.078,0.17
XAUUSD,"confirmed, 1 candle",2H-12H,ADX,20,1R,363,180,180,50.0,0.0,-0.036,0.103
XAUUSD,"confirmed, 1 candle",2H-12H,ADX,20,2R,363,114,242,32.0,-0.039,-0.076,0.145
XAUUSD,"confirmed, 1 candle",2H-12H,ADX,20,3R,363,94,262,26.4,0.056,0.02,0.183
XAUUSD,"confirmed, 1 candle",2H-12H,ADX,25,1R,270,133,137,49.3,-0.015,-0.048,0.12
XAUUSD,"confirmed, 1 candle",2H-12H,ADX,25,2R,270,80,189,29.7,-0.108,-0.141,0.164
XAUUSD,"confirmed, 1 candle",2H-12H,ADX,25,3R,270,65,204,24.2,-0.033,-0.067,0.205
XAUUSD,"confirmed, 1 candle",2H-12H,ADX,30,1R,207,107,100,51.7,0.034,0.0,0.137
XAUUSD,"confirmed, 1 candle",2H-12H,ADX,30,2R,207,67,140,32.4,-0.029,-0.063,0.192
XAUUSD,"confirmed, 1 candle",2H-12H,ADX,30,3R,207,56,151,27.1,0.082,0.049,0.243
XAUUSD,"confirmed, 1 candle",2H-12H,EMA 200+ADX,15,1R,90,51,39,56.7,0.133,0.108,0.206
XAUUSD,"confirmed, 1 candle",2H-12H,EMA 200+ADX,15,2R,90,39,51,43.3,0.3,0.275,0.308
XAUUSD,"confirmed, 1 candle",2H-12H,EMA 200+ADX,15,3R,90,33,57,36.7,0.467,0.441,0.399
XAUUSD,"confirmed, 1 candle",2H-12H,EMA 200+ADX,20,1R,74,43,31,58.1,0.162,0.137,0.226
XAUUSD,"confirmed, 1 candle",2H-12H,EMA 200+ADX,20,2R,74,33,41,44.6,0.338,0.312,0.341
XAUUSD,"confirmed, 1 candle",2H-12H,EMA 200+ADX,20,3R,74,27,47,36.5,0.459,0.434,0.44
XAUUSD,"confirmed, 1 candle",2H-12H,EMA 200+ADX,25,1R,50,30,20,60.0,0.2,0.174,0.272
XAUUSD,"confirmed, 1 candle",2H-12H,EMA 200+ADX,25,2R,50,21,29,42.0,0.26,0.234,0.412
XAUUSD,"confirmed, 1 candle",2H-12H,EMA 200+ADX,25,3R,50,15,35,30.0,0.2,0.174,0.509
XAUUSD,"confirmed, 1 candle",2H-12H,EMA 200+ADX,30,1R,28,19,9,67.9,0.357,0.335,0.345
XAUUSD,"confirmed, 1 candle",2H-12H,EMA 200+ADX,30,2R,28,14,14,50.0,0.5,0.477,0.557
XAUUSD,"confirmed, 1 candle",2H-12H,EMA 200+ADX,30,3R,28,10,18,35.7,0.429,0.406,0.712
ALL,"confirmed, 1 candle",2H-12H,ADX,15,1R,1572,826,741,52.7,0.054,-0.068,0.053
ALL,"confirmed, 1 candle",2H-12H,ADX,15,2R,1572,564,992,36.2,0.087,-0.035,0.074
ALL,"confirmed, 1 candle",2H-12H,ADX,15,3R,1572,445,1111,28.6,0.143,0.021,0.092
ALL,"confirmed, 1 candle",2H-12H,ADX,20,1R,1237,641,591,52.0,0.04,-0.069,0.059
ALL,"confirmed, 1 candle",2H-12H,ADX,20,2R,1237,431,793,35.2,0.056,-0.054,0.082
ALL,"confirmed, 1 candle",2H-12H,ADX,20,3R,1237,339,885,27.7,0.107,-0.003,0.102
ALL,"confirmed, 1 candle",2H-12H,ADX,25,1R,942,484,456,51.5,0.029,-0.082,0.068
ALL,"confirmed, 1 candle",2H-12H,ADX,25,2R,942,322,613,34.4,0.032,-0.079,0.094
ALL,"confirmed, 1 candle",2H-12H,ADX,25,3R,942,254,681,27.2,0.086,-0.026,0.116
ALL,"confirmed, 1 candle",2H-12H,ADX,30,1R,696,356,338,51.3,0.026,-0.078,0.079
ALL,"confirmed, 1 candle",2H-12H,ADX,30,2R,696,235,455,34.1,0.021,-0.083,0.11
ALL,"confirmed, 1 candle",2H-12H,ADX,30,3R,696,192,498,27.8,0.113,0.009,0.136
ALL,"confirmed, 1 candle",2H-12H,EMA 200+ADX,15,1R,418,246,172,58.9,0.177,0.075,0.095
ALL,"confirmed, 1 candle",2H-12H,EMA 200+ADX,15,2R,418,182,233,43.9,0.316,0.213,0.143
ALL,"confirmed, 1 candle",2H-12H,EMA 200+ADX,15,3R,418,140,275,33.7,0.349,0.247,0.182
ALL,"confirmed, 1 candle",2H-12H,EMA 200+ADX,20,1R,295,174,121,59.0,0.18,0.083,0.112
ALL,"confirmed, 1 candle",2H-12H,EMA 200+ADX,20,2R,295,128,167,43.4,0.302,0.205,0.17
ALL,"confirmed, 1 candle",2H-12H,EMA 200+ADX,20,3R,295,97,198,32.9,0.315,0.219,0.214
ALL,"confirmed, 1 candle",2H-12H,EMA 200+ADX,25,1R,175,102,73,58.3,0.166,0.074,0.147
ALL,"confirmed, 1 candle",2H-12H,EMA 200+ADX,25,2R,175,76,99,43.4,0.303,0.211,0.221
ALL,"confirmed, 1 candle",2H-12H,EMA 200+ADX,25,3R,175,54,121,30.9,0.234,0.143,0.273
ALL,"confirmed, 1 candle",2H-12H,EMA 200+ADX,30,1R,82,45,37,54.9,0.098,0.031,0.217
ALL,"confirmed, 1 candle",2H-12H,EMA 200+ADX,30,2R,82,35,47,42.7,0.28,0.214,0.322
ALL,"confirmed, 1 candle",2H-12H,EMA 200+ADX,30,3R,82,28,54,34.1,0.366,0.299,0.411
BTCUSDT,"confirmed, 2 candles",2H-12H,ADX,15,1R,538,276,260,51.5,0.03,-0.061,0.085
BTCUSDT,"confirmed, 2 candles",2H-12H,ADX,15,2R,538,193,341,36.1,0.084,-0.007,0.122
BTCUSDT,"confirmed, 2 candles",2H-12H,ADX,15,3R,538,150,383,28.1,0.126,0.035,0.152
BTCUSDT,"confirmed, 2 candles",2H-12H,ADX,20,1R,426,213,213,50.0,0.0,-0.089,0.095
BTCUSDT,"confirmed, 2 candles",2H-12H,ADX,20,2R,426,150,275,35.3,0.059,-0.031,0.136
BTCUSDT,"confirmed, 2 candles",2H-12H,ADX,20,3R,426,115,309,27.1,0.085,-0.005,0.169
BTCUSDT,"confirmed, 2 candles",2H-12H,ADX,25,1R,331,161,170,48.6,-0.027,-0.109,0.109
BTCUSDT,"confirmed, 2 candles",2H-12H,ADX,25,2R,331,109,221,33.0,-0.009,-0.091,0.153
BTCUSDT,"confirmed, 2 candles",2H-12H,ADX,25,3R,331,83,246,25.2,0.009,-0.072,0.188
BTCUSDT,"confirmed, 2 candles",2H-12H,ADX,30,1R,245,116,129,47.3,-0.053,-0.133,0.126
BTCUSDT,"confirmed, 2 candles",2H-12H,ADX,30,2R,245,80,164,32.8,-0.016,-0.096,0.177
BTCUSDT,"confirmed, 2 candles",2H-12H,ADX,30,3R,245,59,184,24.3,-0.029,-0.109,0.216
BTCUSDT,"confirmed, 2 candles",2H-12H,EMA 200+ADX,15,1R,175,98,75,56.6,0.133,0.037,0.149
BTCUSDT,"confirmed, 2 candles",2H-12H,EMA 200+ADX,15,2R,175,75,97,43.6,0.308,0.212,0.222
BTCUSDT,"confirmed, 2 candles",2H-12H,EMA 200+ADX,15,3R,175,59,113,34.3,0.372,0.276,0.283
BTCUSDT,"confirmed, 2 candles",2H-12H,EMA 200+ADX,20,1R,115,66,49,57.4,0.148,0.047,0.181
BTCUSDT,"confirmed, 2 candles",2H-12H,EMA 200+ADX,20,2R,115,51,64,44.3,0.33,0.23,0.271
BTCUSDT,"confirmed, 2 candles",2H-12H,EMA 200+ADX,20,3R,115,40,75,34.8,0.391,0.29,0.346
BTCUSDT,"confirmed, 2 candles",2H-12H,EMA 200+ADX,25,1R,61,33,28,54.1,0.082,0.008,0.254
BTCUSDT,"confirmed, 2 candles",2H-12H,EMA 200+ADX,25,2R,61,25,36,41.0,0.23,0.155,0.373
BTCUSDT,"confirmed, 2 candles",2H-12H,EMA 200+ADX,25,3R,61,20,41,32.8,0.311,0.237,0.473
BTCUSDT,"confirmed, 2 candles",2H-12H,EMA 200+ADX,30,1R,30,17,13,56.7,0.133,0.057,0.362
BTCUSDT,"confirmed, 2 candles",2H-12H,EMA 200+ADX,30,2R,30,13,17,43.3,0.3,0.224,0.537
BTCUSDT,"confirmed, 2 candles",2H-12H,EMA 200+ADX,30,3R,30,10,20,33.3,0.333,0.257,0.677
EURUSD,"confirmed, 2 candles",2H-12H,ADX,15,1R,381,206,174,54.2,0.083,-0.064,0.105
EURUSD,"confirmed, 2 candles",2H-12H,ADX,15,2R,381,148,232,38.9,0.168,0.02,0.15
EURUSD,"confirmed, 2 candles",2H-12H,ADX,15,3R,381,123,257,32.4,0.294,0.146,0.19
EURUSD,"confirmed, 2 candles",2H-12H,ADX,20,1R,288,156,131,54.4,0.086,-0.055,0.121
EURUSD,"confirmed, 2 candles",2H-12H,ADX,20,2R,288,109,178,38.0,0.139,-0.002,0.172
EURUSD,"confirmed, 2 candles",2H-12H,ADX,20,3R,288,94,193,32.8,0.309,0.168,0.22
EURUSD,"confirmed, 2 candles",2H-12H,ADX,25,1R,212,114,97,54.0,0.079,-0.043,0.134
EURUSD,"confirmed, 2 candles",2H-12H,ADX,25,2R,212,85,126,40.3,0.207,0.085,0.198
EURUSD,"confirmed, 2 candles",2H-12H,ADX,25,3R,212,74,137,35.1,0.402,0.279,0.256
EURUSD,"confirmed, 2 candles",2H-12H,ADX,30,1R,144,76,67,53.1,0.061,-0.056,0.163
EURUSD,"confirmed, 2 candles",2H-12H,ADX,30,2R,144,58,85,40.6,0.215,0.097,0.24
EURUSD,"confirmed, 2 candles",2H-12H,ADX,30,3R,144,49,94,34.3,0.369,0.251,0.31
EURUSD,"confirmed, 2 candles",2H-12H,EMA 200+ADX,15,1R,125,63,62,50.4,0.008,-0.136,0.188
EURUSD,"confirmed, 2 candles",2H-12H,EMA 200+ADX,15,2R,125,44,81,35.2,0.056,-0.088,0.261
EURUSD,"confirmed, 2 candles",2H-12H,EMA 200+ADX,15,3R,125,31,94,24.8,-0.008,-0.152,0.31
EURUSD,"confirmed, 2 candles",2H-12H,EMA 200+ADX,20,1R,84,39,45,46.4,-0.071,-0.207,0.232
EURUSD,"confirmed, 2 candles",2H-12H,EMA 200+ADX,20,2R,84,25,59,29.8,-0.107,-0.242,0.307
EURUSD,"confirmed, 2 candles",2H-12H,EMA 200+ADX,20,3R,84,20,64,23.8,-0.048,-0.183,0.375
EURUSD,"confirmed, 2 candles",2H-12H,EMA 200+ADX,25,1R,49,21,28,42.9,-0.143,-0.252,0.276
EURUSD,"confirmed, 2 candles",2H-12H,EMA 200+ADX,25,2R,49,13,36,26.5,-0.204,-0.313,0.369
EURUSD,"confirmed, 2 candles",2H-12H,EMA 200+ADX,25,3R,49,9,40,18.4,-0.265,-0.375,0.431
EURUSD,"confirmed, 2 candles",2H-12H,EMA 200+ADX,30,1R,20,7,13,35.0,-0.3,-0.405,0.416
EURUSD,"confirmed, 2 candles",2H-12H,EMA 200+ADX,30,2R,20,3,17,15.0,-0.55,-0.655,0.479
EURUSD,"confirmed, 2 candles",2H-12H,EMA 200+ADX,30,3R,20,1,19,5.0,-0.8,-0.905,0.388
XAUUSD,"confirmed, 2 candles",2H-12H,ADX,15,1R,351,172,174,49.7,-0.006,-0.041,0.106
XAUUSD,"confirmed, 2 candles",2H-12H,ADX,15,2R,351,118,225,34.4,0.032,-0.004,0.151
XAUUSD,"confirmed, 2 candles",2H-12H,ADX,15,3R,351,93,249,27.2,0.088,0.052,0.189
XAUUSD,"confirmed, 2 candles",2H-12H,ADX,20,1R,299,144,150,49.0,-0.02,-0.057,0.115
XAUUSD,"confirmed, 2 candles",2H-12H,ADX,20,2R,299,98,194,33.6,0.007,-0.03,0.163
XAUUSD,"confirmed, 2 candles",2H-12H,ADX,20,3R,299,77,214,26.5,0.058,0.022,0.203
XAUUSD,"confirmed, 2 candles",2H-12H,ADX,25,1R,217,100,116,46.3,-0.074,-0.111,0.135
XAUUSD,"confirmed, 2 candles",2H-12H,ADX,25,2R,217,66,149,30.7,-0.079,-0.116,0.186
XAUUSD,"confirmed, 2 candles",2H-12H,ADX,25,3R,217,52,162,24.3,-0.028,-0.065,0.231
XAUUSD,"confirmed, 2 candles",2H-12H,ADX,30,1R,162,80,82,49.4,-0.012,-0.052,0.156
XAUUSD,"confirmed, 2 candles",2H-12H,ADX,30,2R,162,56,105,34.8,0.043,0.004,0.222
XAUUSD,"confirmed, 2 candles",2H-12H,ADX,30,3R,162,46,115,28.6,0.143,0.103,0.28
XAUUSD,"confirmed, 2 candles",2H-12H,EMA 200+ADX,15,1R,88,48,39,55.2,0.103,0.081,0.21
XAUUSD,"confirmed, 2 candles",2H-12H,EMA 200+ADX,15,2R,88,38,48,44.2,0.326,0.303,0.315
XAUUSD,"confirmed, 2 candles",2H-12H,EMA 200+ADX,15,3R,88,27,59,31.4,0.256,0.233,0.393
XAUUSD,"confirmed, 2 candles",2H-12H,EMA 200+ADX,20,1R,74,42,31,57.5,0.151,0.128,0.227
XAUUSD,"confirmed, 2 candles",2H-12H,EMA 200+ADX,20,2R,74,34,38,47.2,0.417,0.394,0.347
XAUUSD,"confirmed, 2 candles",2H-12H,EMA 200+ADX,20,3R,74,24,48,33.3,0.333,0.31,0.437
XAUUSD,"confirmed, 2 candles",2H-12H,EMA 200+ADX,25,1R,48,24,23,51.1,0.021,-0.004,0.286
XAUUSD,"confirmed, 2 candles",2H-12H,EMA 200+ADX,25,2R,48,19,28,40.4,0.213,0.187,0.421
XAUUSD,"confirmed, 2 candles",2H-12H,EMA 200+ADX,25,3R,48,12,35,25.5,0.021,-0.004,0.5
XAUUSD,"confirmed, 2 candles",2H-12H,EMA 200+ADX,30,1R,24,15,9,62.5,0.25,0.226,0.385
XAUUSD,"confirmed, 2 candles",2H-12H,EMA 200+ADX,30,2R,24,13,11,54.2,0.625,0.601,0.596
XAUUSD,"confirmed, 2 candles",2H-12H,EMA 200+ADX,30,3R,24,9,15,37.5,0.5,0.476,0.778
ALL,"confirmed, 2 candles",2H-12H,ADX,15,1R,1270,654,608,51.8,0.036,-0.057,0.056
ALL,"confirmed, 2 candles",2H-12H,ADX,15,2R,1270,459,798,36.5,0.095,0.002,0.08
ALL,"confirmed, 2 candles",2H-12H,ADX,15,3R,1270,366,889,29.2,0.166,0.073,0.101
ALL,"confirmed, 2 candles",2H-12H,ADX,20,1R,1013,513,494,50.9,0.019,-0.07,0.063
ALL,"confirmed, 2 candles",2H-12H,ADX,20,2R,1013,357,647,35.6,0.066,-0.022,0.089
ALL,"confirmed, 2 candles",2H-12H,ADX,20,3R,1013,286,716,28.5,0.141,0.053,0.112
ALL,"confirmed, 2 candles",2H-12H,ADX,25,1R,760,375,383,49.5,-0.011,-0.091,0.072
ALL,"confirmed, 2 candles",2H-12H,ADX,25,2R,760,260,496,34.4,0.031,-0.049,0.102
ALL,"confirmed, 2 candles",2H-12H,ADX,25,3R,760,209,545,27.7,0.108,0.028,0.128
ALL,"confirmed, 2 candles",2H-12H,ADX,30,1R,551,272,278,49.5,-0.011,-0.089,0.084
ALL,"confirmed, 2 candles",2H-12H,ADX,30,2R,551,194,354,35.4,0.062,-0.016,0.12
ALL,"confirmed, 2 candles",2H-12H,ADX,30,3R,551,154,393,28.2,0.126,0.048,0.151
ALL,"confirmed, 2 candles",2H-12H,EMA 200+ADX,15,1R,388,209,176,54.3,0.086,-0.009,0.103
ALL,"confirmed, 2 candles",2H-12H,EMA 200+ADX,15,2R,388,157,226,41.0,0.23,0.135,0.15
ALL,"confirmed, 2 candles",2H-12H,EMA 200+ADX,15,3R,388,117,266,30.5,0.222,0.127,0.186
ALL,"confirmed, 2 candles",2H-12H,EMA 200+ADX,20,1R,273,147,125,54.0,0.081,-0.01,0.122
ALL,"confirmed, 2 candles",2H-12H,EMA 200+ADX,20,2R,273,110,161,40.6,0.218,0.127,0.178
ALL,"confirmed, 2 candles",2H-12H,EMA 200+ADX,20,3R,273,84,187,31.0,0.24,0.149,0.222
ALL,"confirmed, 2 candles",2H-12H,EMA 200+ADX,25,1R,158,78,79,49.7,-0.006,-0.077,0.158
ALL,"confirmed, 2 candles",2H-12H,EMA 200+ADX,25,2R,158,57,100,36.3,0.089,0.019,0.227
ALL,"confirmed, 2 candles",2H-12H,EMA 200+ADX,25,3R,158,41,116,26.1,0.045,-0.026,0.276
ALL,"confirmed, 2 candles",2H-12H,EMA 200+ADX,30,1R,74,39,35,52.7,0.054,-0.013,0.23
ALL,"confirmed, 2 candles",2H-12H,EMA 200+ADX,30,2R,74,29,45,39.2,0.176,0.109,0.338
ALL,"confirmed, 2 candles",2H-12H,EMA 200+ADX,30,3R,74,20,54,27.0,0.081,0.014,0.408
