symbol,test_year,timeframes,filter,target,trades,wins,losses,open,win_pct,avg_R_gross,avg_R_net,ci95_net,total_R_net,max_drawdown_R,longest_losing_streak
BTCUSDT,1-5,2H-12H,EMA 200,1R,213,120,93,0,56.3,0.127,0.019,0.133,4.08,19.67,7
BTCUSDT,1-5,2H-12H,EMA 200,2R,213,89,124,0,41.8,0.254,0.146,0.199,31.08,15.83,8
BTCUSDT,1-5,2H-12H,EMA 200,3R,213,73,140,0,34.3,0.371,0.263,0.254,56.07,17.05,15
BTCUSDT,1-5,2H-12H,none,1R,1279,659,620,0,51.5,0.03,-0.093,0.061,-118.32,142.39,14
BTCUSDT,1-5,2H-12H,none,2R,1279,439,839,1,34.4,0.031,-0.093,0.083,-118.26,160.53,21
BTCUSDT,1-5,2H-12H,none,3R,1279,338,940,1,26.4,0.058,-0.065,0.101,-83.24,155.98,28
BTCUSDT,1-5,all timeframes,EMA 200,1R,3781,1950,1831,0,51.6,0.031,-0.879,0.096,-3325.35,3327.88,17
BTCUSDT,1-5,all timeframes,EMA 200,2R,3781,1363,2418,0,36.0,0.081,-0.829,0.1,-3136.34,3143.65,19
BTCUSDT,1-5,all timeframes,EMA 200,3R,3781,1050,2731,0,27.8,0.111,-0.8,0.105,-3025.33,3034.61,26
BTCUSDT,1-5,all timeframes,none,1R,20938,10427,10508,3,49.8,-0.004,-1.751,1.157,-36654.84,36654.93,28
BTCUSDT,1-5,all timeframes,none,2R,20938,7220,13714,4,34.5,0.035,-1.712,1.157,-35847.74,35851.95,35
BTCUSDT,1-5,all timeframes,none,3R,20938,5591,15341,6,26.7,0.068,-1.679,1.157,-35141.57,35147.37,48
BTCUSDT,1-4,2H-12H,EMA 200,1R,162,88,74,0,54.3,0.086,-0.016,0.153,-2.59,18.24,7
BTCUSDT,1-4,2H-12H,EMA 200,2R,162,66,96,0,40.7,0.222,0.12,0.226,19.4,14.05,8
BTCUSDT,1-4,2H-12H,EMA 200,3R,162,55,107,0,34.0,0.358,0.256,0.29,41.4,17.05,15
BTCUSDT,1-4,2H-12H,none,1R,1031,526,505,0,51.0,0.02,-0.107,0.07,-110.78,129.06,14
BTCUSDT,1-4,2H-12H,none,2R,1031,349,682,0,33.9,0.016,-0.112,0.093,-115.77,151.12,21
BTCUSDT,1-4,2H-12H,none,3R,1031,264,767,0,25.6,0.024,-0.104,0.112,-106.75,144.57,28
BTCUSDT,1-4,all timeframes,EMA 200,1R,2999,1554,1445,0,51.8,0.036,-0.904,0.115,-2711.57,2714.11,17
BTCUSDT,1-4,all timeframes,EMA 200,2R,2999,1080,1919,0,36.0,0.08,-0.86,0.12,-2579.58,2585.58,19
BTCUSDT,1-4,all timeframes,EMA 200,3R,2999,824,2175,0,27.5,0.099,-0.841,0.126,-2523.58,2534.33,26
BTCUSDT,1-4,all timeframes,none,1R,16687,8317,8370,0,49.8,-0.003,-1.934,1.451,-32264.38,32264.47,28
BTCUSDT,1-4,all timeframes,none,2R,16687,5724,10963,0,34.3,0.029,-1.901,1.451,-31726.35,31730.56,35
BTCUSDT,1-4,all timeframes,none,3R,16687,4443,12244,0,26.6,0.065,-1.865,1.451,-31126.3,31131.74,48
BTCUSDT,1,2H-12H,EMA 200,1R,45,28,17,0,62.2,0.244,0.157,0.287,7.05,7.17,6
BTCUSDT,1,2H-12H,EMA 200,2R,45,21,24,0,46.7,0.4,0.312,0.438,14.05,10.17,6
BTCUSDT,1,2H-12H,EMA 200,3R,45,17,28,0,37.8,0.511,0.423,0.564,19.06,9.31,6
BTCUSDT,1,2H-12H,none,1R,293,160,133,0,54.6,0.092,0.024,0.115,7.0,19.3,12
BTCUSDT,1,2H-12H,none,2R,293,106,187,0,36.2,0.085,0.017,0.165,5.01,36.18,15
BTCUSDT,1,2H-12H,none,3R,293,78,215,0,26.6,0.065,-0.003,0.203,-0.97,38.79,19
BTCUSDT,1,all timeframes,EMA 200,1R,734,385,349,0,52.5,0.049,-0.499,0.131,-366.49,371.44,10
BTCUSDT,1,all timeframes,EMA 200,2R,734,267,467,0,36.4,0.091,-0.457,0.15,-335.5,353.52,13
BTCUSDT,1,all timeframes,EMA 200,3R,734,199,535,0,27.1,0.084,-0.464,0.166,-340.47,350.71,21
BTCUSDT,1,all timeframes,none,1R,4106,2094,2012,0,51.0,0.02,-1.813,2.719,-7444.76,7450.76,14
BTCUSDT,1,all timeframes,none,2R,4106,1434,2672,0,34.9,0.048,-1.785,2.719,-7330.75,7361.95,29
BTCUSDT,1,all timeframes,none,3R,4106,1103,3003,0,26.9,0.075,-1.759,2.719,-7220.7,7248.1,33
BTCUSDT,2,2H-12H,EMA 200,1R,38,22,16,0,57.9,0.158,0.043,0.321,1.64,6.95,4
BTCUSDT,2,2H-12H,EMA 200,2R,38,14,24,0,36.8,0.105,-0.009,0.464,-0.36,8.95,8
BTCUSDT,2,2H-12H,EMA 200,3R,38,12,26,0,31.6,0.263,0.148,0.594,5.64,11.16,10
BTCUSDT,2,2H-12H,none,1R,208,106,102,0,51.0,0.019,-0.114,0.136,-23.81,36.51,14
BTCUSDT,2,2H-12H,none,2R,208,69,139,0,33.2,-0.005,-0.139,0.193,-28.82,50.53,18
BTCUSDT,2,2H-12H,none,3R,208,57,151,0,27.4,0.096,-0.038,0.245,-7.81,48.53,26
BTCUSDT,2,all timeframes,EMA 200,1R,706,381,325,0,54.0,0.079,-1.072,0.237,-756.65,759.0,11
BTCUSDT,2,all timeframes,EMA 200,2R,706,262,444,0,37.1,0.113,-1.038,0.246,-732.65,735.85,14
BTCUSDT,2,all timeframes,EMA 200,3R,706,198,508,0,28.0,0.122,-1.029,0.254,-726.65,731.85,26
BTCUSDT,2,all timeframes,none,1R,3836,1905,1931,0,49.7,-0.007,-1.163,0.146,-4461.24,4469.13,28
BTCUSDT,2,all timeframes,none,2R,3836,1282,2554,0,33.4,0.003,-1.154,0.148,-4425.24,4432.99,35
BTCUSDT,2,all timeframes,none,3R,3836,1000,2836,0,26.1,0.043,-1.113,0.15,-4271.22,4290.04,27
BTCUSDT,3,2H-12H,EMA 200,1R,41,19,22,0,46.3,-0.073,-0.173,0.301,-7.08,8.18,5
BTCUSDT,3,2H-12H,EMA 200,2R,41,14,27,0,34.1,0.024,-0.075,0.435,-3.08,8.59,8
BTCUSDT,3,2H-12H,EMA 200,3R,41,12,29,0,29.3,0.171,0.071,0.559,2.91,10.92,10
BTCUSDT,3,2H-12H,none,1R,282,136,146,0,48.2,-0.035,-0.215,0.166,-60.55,62.47,9
BTCUSDT,3,2H-12H,none,2R,282,91,191,0,32.3,-0.032,-0.211,0.203,-59.55,63.34,15
BTCUSDT,3,2H-12H,none,3R,282,71,211,0,25.2,0.007,-0.172,0.236,-48.54,59.32,18
BTCUSDT,3,all timeframes,EMA 200,1R,755,400,355,0,53.0,0.06,-0.865,0.241,-653.2,655.1,13
BTCUSDT,3,all timeframes,EMA 200,2R,755,281,474,0,37.2,0.117,-0.808,0.252,-610.19,616.15,16
BTCUSDT,3,all timeframes,EMA 200,3R,755,228,527,0,30.2,0.208,-0.717,0.265,-541.22,552.08,16
BTCUSDT,3,all timeframes,none,1R,4225,2066,2159,0,48.9,-0.022,-1.006,0.211,-4251.56,4253.35,19
BTCUSDT,3,all timeframes,none,2R,4225,1452,2773,0,34.4,0.031,-0.953,0.213,-4027.53,4033.31,25
BTCUSDT,3,all timeframes,none,3R,4225,1146,3079,0,27.1,0.085,-0.899,0.215,-3799.57,3808.36,48
BTCUSDT,4,2H-12H,EMA 200,1R,38,19,19,0,50.0,0.0,-0.111,0.305,-4.21,12.45,7
BTCUSDT,4,2H-12H,EMA 200,2R,38,17,21,0,44.7,0.342,0.231,0.46,8.79,12.52,8
BTCUSDT,4,2H-12H,EMA 200,3R,38,14,24,0,36.8,0.474,0.363,0.597,13.79,11.52,8
BTCUSDT,4,2H-12H,none,1R,248,124,124,0,50.0,0.0,-0.135,0.129,-33.41,38.11,11
BTCUSDT,4,2H-12H,none,2R,248,83,165,0,33.5,0.004,-0.131,0.179,-32.42,37.16,21
BTCUSDT,4,2H-12H,none,3R,248,58,190,0,23.4,-0.065,-0.199,0.212,-49.42,52.66,25
BTCUSDT,4,all timeframes,EMA 200,1R,804,388,416,0,48.3,-0.035,-1.163,0.273,-935.23,935.34,17
BTCUSDT,4,all timeframes,EMA 200,2R,804,270,534,0,33.6,0.007,-1.121,0.281,-901.24,903.82,19
BTCUSDT,4,all timeframes,EMA 200,3R,804,199,605,0,24.8,-0.01,-1.138,0.29,-915.25,920.82,21
BTCUSDT,4,all timeframes,none,1R,4520,2252,2268,0,49.8,-0.004,-3.563,4.745,-16106.82,16107.79,15
BTCUSDT,4,all timeframes,none,2R,4520,1556,2964,0,34.4,0.033,-3.527,4.746,-15942.83,15944.05,27
BTCUSDT,4,all timeframes,none,3R,4520,1194,3326,0,26.4,0.057,-3.503,4.746,-15834.8,15837.03,28
BTCUSDT,5,2H-12H,EMA 200,1R,51,32,19,0,62.7,0.255,0.131,0.272,6.67,3.85,3
BTCUSDT,5,2H-12H,EMA 200,2R,51,23,28,0,45.1,0.353,0.229,0.418,11.68,5.95,5
BTCUSDT,5,2H-12H,EMA 200,3R,51,18,33,0,35.3,0.412,0.288,0.53,14.67,7.02,6
BTCUSDT,5,2H-12H,none,1R,248,133,115,0,53.6,0.073,-0.03,0.125,-7.55,19.92,13
BTCUSDT,5,2H-12H,none,2R,248,90,157,1,36.4,0.093,-0.01,0.182,-2.49,18.95,17
BTCUSDT,5,2H-12H,none,3R,248,74,173,1,30.0,0.198,0.095,0.23,23.51,19.47,16
BTCUSDT,5,all timeframes,EMA 200,1R,782,396,386,0,50.6,0.013,-0.785,0.134,-613.77,614.42,17
BTCUSDT,5,all timeframes,EMA 200,2R,782,283,499,0,36.2,0.086,-0.712,0.15,-556.76,560.61,18
BTCUSDT,5,all timeframes,EMA 200,3R,782,226,556,0,28.9,0.156,-0.642,0.166,-501.74,501.82,15
BTCUSDT,5,all timeframes,none,1R,4251,2110,2138,3,49.7,-0.007,-1.034,0.146,-4390.46,4390.46,25
BTCUSDT,5,all timeframes,none,2R,4251,1496,2751,4,35.2,0.057,-0.97,0.149,-4121.39,4123.23,25
BTCUSDT,5,all timeframes,none,3R,4251,1148,3097,6,27.0,0.082,-0.946,0.152,-4015.28,4019.91,33
EURUSD,1-5,2H-12H,EMA 200,1R,193,103,90,0,53.4,0.065,-0.041,0.141,-7.92,24.85,7
EURUSD,1-5,2H-12H,EMA 200,2R,193,71,122,0,36.8,0.102,-0.005,0.204,-0.92,44.36,17
EURUSD,1-5,2H-12H,EMA 200,3R,193,54,139,0,28.0,0.116,0.01,0.253,1.87,45.64,16
EURUSD,1-5,2H-12H,none,1R,1002,551,451,0,55.0,0.099,-0.057,0.066,-56.69,74.24,13
EURUSD,1-5,2H-12H,none,2R,1002,377,625,0,37.6,0.127,-0.028,0.093,-27.81,93.09,15
EURUSD,1-5,2H-12H,none,3R,1002,305,697,0,30.4,0.216,0.061,0.117,60.74,75.04,18
EURUSD,1-5,all timeframes,EMA 200,1R,3088,1463,1624,1,47.4,-0.055,-0.927,0.073,-2860.22,2861.9,19
EURUSD,1-5,all timeframes,EMA 200,2R,3088,972,2115,1,31.5,-0.059,-0.931,0.08,-2873.87,2879.54,29
EURUSD,1-5,all timeframes,EMA 200,3R,3088,739,2348,1,23.9,-0.047,-0.918,0.087,-2834.61,2840.29,35
EURUSD,1-5,all timeframes,none,1R,16137,7838,8295,4,48.6,-0.036,-0.952,0.034,-15359.58,15359.58,21
EURUSD,1-5,all timeframes,none,2R,16137,5429,10704,4,33.7,-0.001,-0.917,0.037,-14798.22,14799.05,28
EURUSD,1-5,all timeframes,none,3R,16137,4180,11951,6,25.9,0.026,-0.891,0.04,-14374.68,14374.68,35
EURUSD,1-4,2H-12H,EMA 200,1R,159,81,78,0,50.9,0.017,-0.087,0.156,-13.79,24.85,7
EURUSD,1-4,2H-12H,EMA 200,2R,159,51,108,0,32.1,-0.04,-0.143,0.218,-22.79,44.36,17
EURUSD,1-4,2H-12H,EMA 200,3R,159,38,121,0,23.9,-0.048,-0.151,0.266,-23.99,45.64,16
EURUSD,1-4,2H-12H,none,1R,813,447,366,0,55.0,0.099,-0.053,0.075,-43.12,61.87,13
EURUSD,1-4,2H-12H,none,2R,813,291,522,0,35.8,0.073,-0.079,0.103,-64.23,93.09,15
EURUSD,1-4,2H-12H,none,3R,813,234,579,0,28.8,0.15,-0.002,0.128,-1.69,75.04,18
EURUSD,1-4,all timeframes,EMA 200,1R,2436,1146,1290,0,47.0,-0.062,-0.924,0.083,-2251.06,2252.74,19
EURUSD,1-4,all timeframes,EMA 200,2R,2436,749,1687,0,30.7,-0.082,-0.944,0.091,-2299.5,2305.18,29
EURUSD,1-4,all timeframes,EMA 200,3R,2436,562,1874,0,23.1,-0.082,-0.944,0.098,-2299.18,2311.57,35
EURUSD,1-4,all timeframes,none,1R,12895,6244,6651,0,48.4,-0.04,-0.923,0.038,-11905.76,11906.41,20
EURUSD,1-4,all timeframes,none,2R,12895,4301,8594,0,33.4,-0.011,-0.894,0.041,-11533.23,11534.64,26
EURUSD,1-4,all timeframes,none,3R,12895,3314,9580,1,25.7,0.016,-0.868,0.045,-11189.21,11195.17,35
EURUSD,1,2H-12H,EMA 200,1R,39,18,21,0,46.2,-0.077,-0.185,0.309,-7.2,10.45,5
EURUSD,1,2H-12H,EMA 200,2R,39,13,26,0,33.3,0.0,-0.108,0.444,-4.2,19.45,17
EURUSD,1,2H-12H,EMA 200,3R,39,9,30,0,23.1,-0.077,-0.185,0.526,-7.2,20.64,16
EURUSD,1,2H-12H,none,1R,194,107,87,0,55.2,0.103,-0.043,0.164,-8.3,27.46,11
EURUSD,1,2H-12H,none,2R,194,72,122,0,37.1,0.113,-0.032,0.22,-6.29,38.41,12
EURUSD,1,2H-12H,none,3R,194,60,134,0,30.9,0.237,0.091,0.273,17.7,25.69,12
EURUSD,1,all timeframes,EMA 200,1R,584,281,303,0,48.1,-0.038,-0.793,0.147,-463.32,468.86,10
EURUSD,1,all timeframes,EMA 200,2R,584,179,405,0,30.7,-0.081,-0.836,0.165,-488.31,499.37,15
EURUSD,1,all timeframes,EMA 200,3R,584,126,458,0,21.6,-0.138,-0.893,0.178,-521.52,535.57,35
EURUSD,1,all timeframes,none,1R,3307,1606,1701,0,48.6,-0.031,-0.845,0.074,-2793.31,2794.17,16
EURUSD,1,all timeframes,none,2R,3307,1110,2197,0,33.6,0.005,-0.809,0.081,-2675.39,2676.22,26
EURUSD,1,all timeframes,none,3R,3307,847,2460,0,25.6,0.022,-0.792,0.088,-2617.67,2617.67,28
EURUSD,2,2H-12H,EMA 200,1R,37,21,16,0,56.8,0.128,0.051,0.323,1.89,4.19,3
EURUSD,2,2H-12H,EMA 200,2R,37,8,29,0,21.6,-0.359,-0.435,0.401,-16.11,20.78,13
EURUSD,2,2H-12H,EMA 200,3R,37,5,32,0,13.5,-0.467,-0.544,0.446,-20.11,22.98,11
EURUSD,2,2H-12H,none,1R,226,125,101,0,55.3,0.104,-0.002,0.132,-0.56,17.35,8
EURUSD,2,2H-12H,none,2R,226,74,152,0,32.7,-0.021,-0.127,0.185,-28.68,51.29,15
EURUSD,2,2H-12H,none,3R,226,52,174,0,23.0,-0.084,-0.19,0.221,-42.92,60.34,15
EURUSD,2,all timeframes,EMA 200,1R,547,244,303,0,44.6,-0.119,-0.85,0.165,-464.96,472.21,16
EURUSD,2,all timeframes,EMA 200,2R,547,159,388,0,29.1,-0.145,-0.876,0.179,-479.4,487.92,21
EURUSD,2,all timeframes,EMA 200,3R,547,120,427,0,21.9,-0.14,-0.871,0.194,-476.67,485.48,31
EURUSD,2,all timeframes,none,1R,3008,1442,1566,0,47.9,-0.066,-0.785,0.07,-2362.02,2362.02,15
EURUSD,2,all timeframes,none,2R,3008,1015,1993,0,33.7,-0.022,-0.741,0.078,-2230.42,2237.78,21
EURUSD,2,all timeframes,none,3R,3008,767,2240,1,25.5,-0.017,-0.737,0.086,-2215.05,2221.77,30
EURUSD,3,2H-12H,EMA 200,1R,32,11,21,0,34.4,-0.312,-0.431,0.325,-13.8,15.35,7
EURUSD,3,2H-12H,EMA 200,2R,32,7,25,0,21.9,-0.344,-0.463,0.43,-14.8,20.23,13
EURUSD,3,2H-12H,EMA 200,3R,32,6,26,0,18.8,-0.25,-0.369,0.538,-11.8,18.33,13
EURUSD,3,2H-12H,none,1R,206,114,92,0,55.3,0.107,-0.126,0.157,-25.86,40.1,13
EURUSD,3,2H-12H,none,2R,206,78,128,0,37.9,0.136,-0.096,0.215,-19.86,47.8,12
EURUSD,3,2H-12H,none,3R,206,68,138,0,33.0,0.32,0.088,0.27,18.14,29.15,18
EURUSD,3,all timeframes,EMA 200,1R,641,295,346,0,46.0,-0.08,-1.164,0.184,-746.22,747.76,19
EURUSD,3,all timeframes,EMA 200,2R,641,196,445,0,30.6,-0.083,-1.167,0.197,-748.22,750.92,17
EURUSD,3,all timeframes,EMA 200,3R,641,149,492,0,23.2,-0.071,-1.155,0.21,-740.22,747.8,18
EURUSD,3,all timeframes,none,1R,3274,1570,1704,0,48.0,-0.042,-1.196,0.082,-3915.25,3915.25,20
EURUSD,3,all timeframes,none,2R,3274,1060,2214,0,32.4,-0.033,-1.187,0.088,-3885.28,3885.28,21
EURUSD,3,all timeframes,none,3R,3274,823,2451,0,25.1,0.001,-1.153,0.094,-3773.59,3773.88,35
EURUSD,4,2H-12H,EMA 200,1R,51,31,20,0,60.8,0.214,0.104,0.274,5.33,10.23,7
EURUSD,4,2H-12H,EMA 200,2R,51,23,28,0,45.1,0.351,0.242,0.413,12.33,12.29,9
EURUSD,4,2H-12H,EMA 200,3R,51,18,33,0,35.3,0.406,0.297,0.53,15.12,14.47,9
EURUSD,4,2H-12H,none,1R,187,101,86,0,54.0,0.08,-0.045,0.144,-8.4,17.82,9
EURUSD,4,2H-12H,none,2R,187,67,120,0,35.8,0.074,-0.05,0.208,-9.4,25.71,14
EURUSD,4,2H-12H,none,3R,187,54,133,0,28.9,0.154,0.029,0.262,5.4,21.8,13
EURUSD,4,all timeframes,EMA 200,1R,664,326,338,0,49.1,-0.02,-0.868,0.162,-576.57,576.57,11
EURUSD,4,all timeframes,EMA 200,2R,664,215,449,0,32.4,-0.031,-0.879,0.178,-583.57,583.57,29
EURUSD,4,all timeframes,EMA 200,3R,664,167,497,0,25.2,0.003,-0.845,0.194,-560.77,567.48,32
EURUSD,4,all timeframes,none,1R,3306,1626,1680,0,49.2,-0.024,-0.858,0.074,-2835.19,2835.84,14
EURUSD,4,all timeframes,none,2R,3306,1116,2190,0,33.8,0.004,-0.829,0.081,-2742.14,2742.72,21
EURUSD,4,all timeframes,none,3R,3306,877,2429,0,26.5,0.052,-0.781,0.089,-2582.9,2588.86,28
EURUSD,5,2H-12H,EMA 200,1R,34,22,12,0,64.7,0.294,0.172,0.318,5.86,9.21,5
EURUSD,5,2H-12H,EMA 200,2R,34,20,14,0,58.8,0.765,0.643,0.492,21.86,9.24,5
EURUSD,5,2H-12H,EMA 200,3R,34,16,18,0,47.1,0.882,0.761,0.666,25.86,8.24,5
EURUSD,5,2H-12H,none,1R,189,104,85,0,55.0,0.098,-0.072,0.143,-13.57,31.12,10
EURUSD,5,2H-12H,none,2R,189,86,103,0,45.5,0.362,0.193,0.21,36.43,23.31,9
EURUSD,5,2H-12H,none,3R,189,71,118,0,37.6,0.5,0.33,0.278,62.43,25.49,13
EURUSD,5,all timeframes,EMA 200,1R,652,317,334,1,48.7,-0.027,-0.936,0.154,-609.16,609.16,13
EURUSD,5,all timeframes,EMA 200,2R,652,223,428,1,34.3,0.027,-0.882,0.173,-574.36,574.36,18
EURUSD,5,all timeframes,EMA 200,3R,652,177,474,1,27.2,0.086,-0.822,0.19,-535.43,535.43,22
EURUSD,5,all timeframes,none,1R,3242,1594,1644,4,49.2,-0.017,-1.067,0.079,-3453.81,3453.81,21
EURUSD,5,all timeframes,none,2R,3242,1128,2110,4,34.8,0.041,-1.008,0.086,-3264.99,3264.99,28
EURUSD,5,all timeframes,none,3R,3242,866,2371,5,26.8,0.065,-0.984,0.092,-3185.48,3185.48,30
XAUUSD,1-5,2H-12H,EMA 200,1R,121,64,55,2,53.8,0.076,0.02,0.182,2.34,16.18,9
XAUUSD,1-5,2H-12H,EMA 200,2R,121,47,72,2,39.5,0.185,0.129,0.266,15.35,25.74,12
XAUUSD,1-5,2H-12H,EMA 200,3R,121,37,82,2,31.1,0.244,0.188,0.335,22.34,25.74,12
XAUUSD,1-5,2H-12H,none,1R,923,467,454,2,50.7,0.011,-0.06,0.066,-55.14,91.89,15
XAUUSD,1-5,2H-12H,none,2R,923,297,624,2,32.2,-0.038,-0.109,0.092,-100.85,167.24,24
XAUUSD,1-5,2H-12H,none,3R,923,222,699,2,24.1,-0.041,-0.113,0.112,-103.85,156.53,30
XAUUSD,1-5,all timeframes,EMA 200,1R,2719,1352,1364,3,49.8,-0.007,-0.422,0.063,-1145.47,1149.61,13
XAUUSD,1-5,all timeframes,EMA 200,2R,2719,932,1784,3,34.3,0.019,-0.395,0.074,-1074.07,1078.14,21
XAUUSD,1-5,all timeframes,EMA 200,3R,2719,697,2019,3,25.7,0.015,-0.399,0.083,-1084.5,1096.23,29
XAUUSD,1-5,all timeframes,none,1R,15275,7351,7919,5,48.1,-0.044,-0.472,0.039,-7208.9,7210.65,17
XAUUSD,1-5,all timeframes,none,2R,15275,5005,10264,6,32.8,-0.026,-0.454,0.042,-6931.72,6937.57,25
XAUUSD,1-5,all timeframes,none,3R,15275,3809,11460,6,24.9,-0.014,-0.442,0.045,-6742.04,6747.21,37
XAUUSD,1-4,2H-12H,EMA 200,1R,98,50,48,0,51.0,0.02,-0.043,0.202,-4.21,15.17,8
XAUUSD,1-4,2H-12H,EMA 200,2R,98,34,64,0,34.7,0.041,-0.023,0.285,-2.21,24.73,12
XAUUSD,1-4,2H-12H,EMA 200,3R,98,26,72,0,26.5,0.061,-0.002,0.352,-0.21,24.73,12
XAUUSD,1-4,2H-12H,none,1R,754,378,376,0,50.1,-0.001,-0.075,0.073,-56.8,91.89,15
XAUUSD,1-4,2H-12H,none,2R,754,230,524,0,30.5,-0.092,-0.166,0.1,-125.51,167.24,24
XAUUSD,1-4,2H-12H,none,3R,754,174,580,0,23.1,-0.084,-0.159,0.121,-119.52,153.67,30
XAUUSD,1-4,all timeframes,EMA 200,1R,2224,1091,1133,0,49.1,-0.022,-0.486,0.074,-1080.91,1086.36,13
XAUUSD,1-4,all timeframes,EMA 200,2R,2224,756,1468,0,34.0,0.009,-0.455,0.085,-1011.52,1020.97,21
XAUUSD,1-4,all timeframes,EMA 200,3R,2224,561,1663,0,25.2,-0.002,-0.466,0.094,-1035.53,1048.61,25
XAUUSD,1-4,all timeframes,none,1R,12275,5871,6404,0,47.8,-0.05,-0.517,0.045,-6350.29,6352.05,17
XAUUSD,1-4,all timeframes,none,2R,12275,3978,8297,0,32.4,-0.037,-0.504,0.048,-6191.14,6196.3,25
XAUUSD,1-4,all timeframes,none,3R,12275,3033,9242,0,24.7,-0.021,-0.489,0.051,-5997.83,6005.63,37
XAUUSD,1,2H-12H,EMA 200,1R,26,19,7,0,73.1,0.462,0.422,0.345,10.96,3.16,3
XAUUSD,1,2H-12H,EMA 200,2R,26,16,10,0,61.5,0.846,0.806,0.565,20.96,3.2,3
XAUUSD,1,2H-12H,EMA 200,3R,26,12,14,0,46.2,0.846,0.806,0.77,20.96,6.24,6
XAUUSD,1,2H-12H,none,1R,196,98,98,0,50.0,-0.001,-0.065,0.143,-12.77,29.28,15
XAUUSD,1,2H-12H,none,2R,196,69,127,0,35.2,0.055,-0.009,0.203,-1.77,27.67,21
XAUUSD,1,2H-12H,none,3R,196,51,145,0,26.0,0.04,-0.024,0.248,-4.77,43.12,30
XAUUSD,1,all timeframes,EMA 200,1R,562,290,272,0,51.6,0.032,-0.375,0.104,-210.87,221.23,8
XAUUSD,1,all timeframes,EMA 200,2R,562,204,358,0,36.3,0.089,-0.318,0.135,-178.93,192.66,13
XAUUSD,1,all timeframes,EMA 200,3R,562,161,401,0,28.6,0.146,-0.261,0.162,-146.93,180.46,18
XAUUSD,1,all timeframes,none,1R,3283,1594,1689,0,48.6,-0.03,-0.475,0.073,-1558.0,1559.75,13
XAUUSD,1,all timeframes,none,2R,3283,1082,2201,0,33.0,-0.013,-0.457,0.08,-1500.35,1509.21,21
XAUUSD,1,all timeframes,none,3R,3283,826,2457,0,25.2,0.005,-0.44,0.087,-1442.92,1459.08,37
XAUUSD,2,2H-12H,EMA 200,1R,34,12,22,0,35.3,-0.294,-0.396,0.33,-13.46,13.46,4
XAUUSD,2,2H-12H,EMA 200,2R,34,7,27,0,20.6,-0.382,-0.484,0.412,-16.46,18.02,12
XAUUSD,2,2H-12H,EMA 200,3R,34,6,28,0,17.6,-0.294,-0.396,0.517,-13.46,17.73,12
XAUUSD,2,2H-12H,none,1R,215,97,118,0,45.1,-0.106,-0.175,0.134,-37.56,37.56,11
XAUUSD,2,2H-12H,none,2R,215,56,159,0,26.0,-0.239,-0.308,0.177,-66.17,76.16,24
XAUUSD,2,2H-12H,none,3R,215,46,169,0,21.4,-0.164,-0.233,0.22,-50.17,81.27,30
XAUUSD,2,all timeframes,EMA 200,1R,588,266,322,0,45.2,-0.106,-0.724,0.153,-425.54,428.0,12
XAUUSD,2,all timeframes,EMA 200,2R,588,195,393,0,33.2,-0.044,-0.662,0.177,-389.08,391.47,21
XAUUSD,2,all timeframes,EMA 200,3R,588,147,441,0,25.0,-0.039,-0.657,0.193,-386.09,388.95,21
XAUUSD,2,all timeframes,none,1R,2840,1320,1520,0,46.5,-0.096,-0.598,0.064,-1697.34,1699.68,13
XAUUSD,2,all timeframes,none,2R,2840,911,1929,0,32.1,-0.07,-0.572,0.074,-1625.42,1634.48,21
XAUUSD,2,all timeframes,none,3R,2840,706,2134,0,24.9,-0.039,-0.541,0.082,-1535.96,1547.03,26
XAUUSD,3,2H-12H,EMA 200,1R,23,14,9,0,60.9,0.217,0.184,0.4,4.22,2.17,2
XAUUSD,3,2H-12H,EMA 200,2R,23,8,15,0,34.8,0.043,0.01,0.584,0.22,6.32,5
XAUUSD,3,2H-12H,EMA 200,3R,23,6,17,0,26.1,0.043,0.01,0.717,0.22,5.32,5
XAUUSD,3,2H-12H,none,1R,183,94,89,0,51.4,0.027,-0.048,0.146,-8.7,14.11,7
XAUUSD,3,2H-12H,none,2R,183,51,132,0,27.9,-0.164,-0.239,0.196,-43.81,45.61,12
XAUUSD,3,2H-12H,none,3R,183,39,144,0,21.3,-0.148,-0.223,0.237,-40.81,42.96,13
XAUUSD,3,all timeframes,EMA 200,1R,555,288,267,0,51.9,0.037,-0.35,0.098,-194.3,201.57,10
XAUUSD,3,all timeframes,EMA 200,2R,555,189,366,0,34.1,0.021,-0.366,0.128,-203.3,214.01,13
XAUUSD,3,all timeframes,EMA 200,3R,555,124,431,0,22.3,-0.107,-0.494,0.147,-274.31,287.24,25
XAUUSD,3,all timeframes,none,1R,2985,1481,1504,0,49.6,-0.008,-0.447,0.054,-1333.26,1335.43,17
XAUUSD,3,all timeframes,none,2R,2985,1002,1983,0,33.6,0.004,-0.434,0.065,-1296.18,1297.26,25
XAUUSD,3,all timeframes,none,3R,2985,754,2231,0,25.3,0.007,-0.431,0.074,-1287.23,1292.28,33
XAUUSD,4,2H-12H,EMA 200,1R,15,5,10,0,33.3,-0.333,-0.395,0.472,-5.93,8.41,8
XAUUSD,4,2H-12H,EMA 200,2R,15,3,12,0,20.0,-0.4,-0.462,0.6,-6.93,9.44,9
XAUUSD,4,2H-12H,EMA 200,3R,15,2,13,0,13.3,-0.467,-0.529,0.682,-7.93,10.81,9
XAUUSD,4,2H-12H,none,1R,160,89,71,0,55.6,0.109,0.014,0.166,2.23,20.5,4
XAUUSD,4,2H-12H,none,2R,160,54,106,0,33.8,0.009,-0.086,0.228,-13.77,43.56,14
XAUUSD,4,2H-12H,none,3R,160,38,122,0,23.8,-0.053,-0.149,0.271,-23.78,48.6,17
XAUUSD,4,all timeframes,EMA 200,1R,519,247,272,0,47.6,-0.049,-0.482,0.216,-250.21,254.77,13
XAUUSD,4,all timeframes,EMA 200,2R,519,168,351,0,32.4,-0.03,-0.463,0.228,-240.21,248.32,13
XAUUSD,4,all timeframes,EMA 200,3R,519,129,390,0,24.9,-0.006,-0.44,0.241,-228.2,241.29,22
XAUUSD,4,all timeframes,none,1R,3167,1476,1691,0,46.6,-0.07,-0.556,0.135,-1761.7,1763.62,15
XAUUSD,4,all timeframes,none,2R,3167,983,2184,0,31.0,-0.072,-0.559,0.138,-1769.19,1769.19,22
XAUUSD,4,all timeframes,none,3R,3167,747,2420,0,23.6,-0.06,-0.547,0.142,-1731.72,1734.39,33
XAUUSD,5,2H-12H,EMA 200,1R,23,14,7,2,66.7,0.333,0.312,0.404,6.55,3.08,3
XAUUSD,5,2H-12H,EMA 200,2R,23,13,8,2,61.9,0.857,0.836,0.623,17.55,3.08,3
XAUUSD,5,2H-12H,EMA 200,3R,23,11,10,2,52.4,1.095,1.074,0.853,22.55,4.09,4
XAUUSD,5,2H-12H,none,1R,169,89,78,2,53.3,0.066,0.01,0.156,1.67,16.95,11
XAUUSD,5,2H-12H,none,2R,169,67,100,2,40.1,0.204,0.148,0.226,24.67,18.55,11
XAUUSD,5,2H-12H,none,3R,169,48,119,2,28.7,0.15,0.094,0.278,15.67,19.96,16
XAUUSD,5,all timeframes,EMA 200,1R,495,261,231,3,53.0,0.058,-0.131,0.093,-64.56,70.99,9
XAUUSD,5,all timeframes,EMA 200,2R,495,176,316,3,35.8,0.063,-0.127,0.131,-62.55,80.6,18
XAUUSD,5,all timeframes,EMA 200,3R,495,136,356,3,27.6,0.09,-0.1,0.162,-48.97,100.83,29
XAUUSD,5,all timeframes,none,1R,3000,1480,1515,5,49.4,-0.019,-0.287,0.074,-858.61,866.22,16
XAUUSD,5,all timeframes,none,2R,3000,1027,1967,6,34.3,0.02,-0.247,0.083,-740.58,753.32,16
XAUUSD,5,all timeframes,none,3R,3000,776,2218,6,25.9,0.019,-0.249,0.091,-744.21,754.69,25
ALL,1-5,2H-12H,EMA 200,1R,527,287,238,2,54.7,0.093,-0.003,0.086,-1.5,39.6,8
ALL,1-5,2H-12H,EMA 200,2R,527,207,318,2,39.4,0.182,0.087,0.126,45.5,64.93,15
ALL,1-5,2H-12H,EMA 200,3R,527,164,361,2,31.2,0.248,0.153,0.159,80.29,48.06,14
ALL,1-5,2H-12H,none,1R,3204,1677,1525,2,52.4,0.046,-0.072,0.037,-230.15,263.72,15
ALL,1-5,2H-12H,none,2R,3204,1113,2088,3,34.8,0.041,-0.077,0.051,-246.91,371.91,22
ALL,1-5,2H-12H,none,3R,3204,865,2336,3,27.0,0.079,-0.039,0.063,-126.35,312.43,26
ALL,1-5,all timeframes,EMA 200,1R,9588,4765,4819,4,49.7,-0.007,-0.765,0.048,-7331.04,7333.95,16
ALL,1-5,all timeframes,EMA 200,2R,9588,3267,6317,4,34.1,0.018,-0.739,0.052,-7084.27,7091.18,20
ALL,1-5,all timeframes,EMA 200,3R,9588,2486,7098,4,25.9,0.033,-0.725,0.056,-6944.43,6947.23,25
ALL,1-5,all timeframes,none,1R,52350,25616,26722,12,48.9,-0.025,-1.132,0.463,-59223.31,59223.31,28
ALL,1-5,all timeframes,none,2R,52350,17654,34682,14,33.7,0.006,-1.1,0.463,-57577.69,57580.79,31
ALL,1-5,all timeframes,none,3R,52350,13580,38752,18,25.9,0.031,-1.075,0.463,-56258.3,56258.65,40
ALL,1-4,2H-12H,EMA 200,1R,419,219,200,0,52.3,0.044,-0.049,0.096,-20.59,39.6,8
ALL,1-4,2H-12H,EMA 200,2R,419,151,268,0,36.0,0.08,-0.013,0.138,-5.59,64.93,15
ALL,1-4,2H-12H,EMA 200,3R,419,119,300,0,28.4,0.135,0.041,0.173,17.2,48.06,14
ALL,1-4,2H-12H,none,1R,2598,1351,1247,0,52.0,0.039,-0.081,0.042,-210.7,227.36,15
ALL,1-4,2H-12H,none,2R,2598,870,1728,0,33.5,0.002,-0.118,0.057,-305.52,359.84,22
ALL,1-4,2H-12H,none,3R,2598,672,1926,0,25.9,0.032,-0.088,0.07,-227.95,300.06,26
ALL,1-4,all timeframes,EMA 200,1R,7659,3791,3868,0,49.5,-0.012,-0.789,0.057,-6043.54,6046.46,16
ALL,1-4,all timeframes,EMA 200,2R,7659,2585,5074,0,33.8,0.008,-0.769,0.061,-5890.6,5896.2,20
ALL,1-4,all timeframes,EMA 200,3R,7659,1947,5712,0,25.4,0.012,-0.765,0.064,-5858.28,5865.53,25
ALL,1-4,all timeframes,none,1R,41857,20432,21425,0,48.8,-0.028,-1.207,0.579,-50520.43,50520.43,28
ALL,1-4,all timeframes,none,2R,41857,14003,27854,0,33.5,-0.003,-1.181,0.579,-49450.73,49453.82,31
ALL,1-4,all timeframes,none,3R,41857,10790,31066,1,25.8,0.024,-1.154,0.579,-48313.33,48319.3,36
ALL,1,2H-12H,EMA 200,1R,110,65,45,0,59.1,0.182,0.098,0.185,10.81,11.26,7
ALL,1,2H-12H,EMA 200,2R,110,50,60,0,45.5,0.364,0.28,0.281,30.82,10.34,8
ALL,1,2H-12H,EMA 200,3R,110,38,72,0,34.5,0.382,0.298,0.355,32.82,10.77,9
ALL,1,2H-12H,none,1R,683,365,318,0,53.4,0.068,-0.021,0.079,-14.07,37.49,9
ALL,1,2H-12H,none,2R,683,247,436,0,36.2,0.085,-0.004,0.111,-3.05,48.93,16
ALL,1,2H-12H,none,3R,683,189,494,0,27.7,0.107,0.018,0.137,11.96,47.74,18
ALL,1,all timeframes,EMA 200,1R,1880,956,924,0,50.9,0.017,-0.554,0.076,-1040.68,1047.92,13
ALL,1,all timeframes,EMA 200,2R,1880,650,1230,0,34.6,0.037,-0.533,0.088,-1002.74,1027.98,17
ALL,1,all timeframes,EMA 200,3R,1880,486,1394,0,25.9,0.034,-0.537,0.099,-1008.91,1029.78,24
ALL,1,all timeframes,none,1R,10696,5294,5402,0,49.5,-0.011,-1.103,1.044,-11796.06,11801.97,23
ALL,1,all timeframes,none,2R,10696,3626,7070,0,33.9,0.016,-1.076,1.044,-11506.49,11522.77,31
ALL,1,all timeframes,none,3R,10696,2776,7920,0,26.0,0.037,-1.055,1.045,-11281.29,11296.45,36
ALL,2,2H-12H,EMA 200,1R,109,55,54,0,50.5,0.007,-0.091,0.191,-9.93,15.36,6
ALL,2,2H-12H,EMA 200,2R,109,29,80,0,26.6,-0.204,-0.302,0.251,-32.93,38.55,15
ALL,2,2H-12H,EMA 200,3R,109,23,86,0,21.1,-0.159,-0.256,0.308,-27.93,30.8,14
ALL,2,2H-12H,none,1R,649,328,321,0,50.5,0.007,-0.095,0.078,-61.93,72.79,11
ALL,2,2H-12H,none,2R,649,199,450,0,30.7,-0.088,-0.191,0.107,-123.66,163.13,22
ALL,2,2H-12H,none,3R,649,155,494,0,23.9,-0.053,-0.155,0.132,-100.9,162.03,24
ALL,2,all timeframes,EMA 200,1R,1841,891,950,0,48.4,-0.039,-0.895,0.115,-1647.14,1650.64,16
ALL,2,all timeframes,EMA 200,2R,1841,616,1225,0,33.5,-0.014,-0.87,0.122,-1601.14,1609.56,20
ALL,2,all timeframes,EMA 200,3R,1841,465,1376,0,25.3,-0.007,-0.863,0.129,-1589.41,1602.83,25
ALL,2,all timeframes,none,1R,9684,4667,5017,0,48.2,-0.051,-0.88,0.065,-8520.6,8522.33,28
ALL,2,all timeframes,none,2R,9684,3208,6476,0,33.1,-0.026,-0.855,0.067,-8281.08,8290.62,31
ALL,2,all timeframes,none,3R,9684,2473,7210,1,25.5,0.0,-0.828,0.07,-8022.23,8040.85,28
ALL,3,2H-12H,EMA 200,1R,96,44,52,0,45.8,-0.083,-0.174,0.199,-16.66,17.59,7
ALL,3,2H-12H,EMA 200,2R,96,29,67,0,30.2,-0.094,-0.184,0.276,-17.67,27.11,12
ALL,3,2H-12H,EMA 200,3R,96,24,72,0,25.0,0.0,-0.09,0.347,-8.67,18.11,12
ALL,3,2H-12H,none,1R,671,344,327,0,51.3,0.025,-0.142,0.094,-95.12,97.29,13
ALL,3,2H-12H,none,2R,671,220,451,0,32.8,-0.017,-0.184,0.121,-123.22,127.01,18
ALL,3,2H-12H,none,3R,671,178,493,0,26.5,0.061,-0.106,0.145,-71.21,85.68,18
ALL,3,all timeframes,EMA 200,1R,1951,983,968,0,50.4,0.007,-0.817,0.116,-1593.72,1598.07,15
ALL,3,all timeframes,EMA 200,2R,1951,666,1285,0,34.1,0.024,-0.8,0.123,-1561.71,1573.12,17
ALL,3,all timeframes,EMA 200,3R,1951,501,1450,0,25.7,0.027,-0.797,0.131,-1555.75,1574.04,23
ALL,3,all timeframes,none,1R,10484,5117,5367,0,48.8,-0.024,-0.906,0.09,-9500.06,9501.85,26
ALL,3,all timeframes,none,2R,10484,3514,6970,0,33.5,0.003,-0.878,0.092,-9209.0,9214.78,28
ALL,3,all timeframes,none,3R,10484,2723,7761,0,26.0,0.037,-0.845,0.094,-8860.39,8868.64,34
ALL,4,2H-12H,EMA 200,1R,104,55,49,0,52.9,0.057,-0.046,0.19,-4.81,20.79,8
ALL,4,2H-12H,EMA 200,2R,104,43,61,0,41.3,0.24,0.136,0.281,14.18,20.81,11
ALL,4,2H-12H,EMA 200,3R,104,34,70,0,32.7,0.305,0.202,0.358,20.98,26.02,11
ALL,4,2H-12H,none,1R,595,314,281,0,52.8,0.054,-0.067,0.083,-39.58,41.33,15
ALL,4,2H-12H,none,2R,595,204,391,0,34.3,0.028,-0.093,0.117,-55.59,79.67,18
ALL,4,2H-12H,none,3R,595,150,445,0,25.2,0.007,-0.114,0.141,-67.8,90.32,19
ALL,4,all timeframes,EMA 200,1R,1987,961,1026,0,48.4,-0.034,-0.887,0.136,-1762.0,1762.73,16
ALL,4,all timeframes,EMA 200,2R,1987,653,1334,0,32.9,-0.015,-0.868,0.142,-1725.01,1725.47,16
ALL,4,all timeframes,EMA 200,3R,1987,495,1492,0,24.9,-0.005,-0.858,0.148,-1704.22,1708.67,21
ALL,4,all timeframes,none,1R,10993,5354,5639,0,48.7,-0.029,-1.883,1.952,-20703.71,20703.71,18
ALL,4,all timeframes,none,2R,10993,3655,7338,0,33.2,-0.006,-1.861,1.952,-20454.16,20454.16,25
ALL,4,all timeframes,none,3R,10993,2818,8175,0,25.6,0.022,-1.833,1.952,-20149.42,20155.39,30
ALL,5,2H-12H,EMA 200,1R,108,68,38,2,64.2,0.283,0.18,0.184,19.09,5.25,4
ALL,5,2H-12H,EMA 200,2R,108,56,50,2,52.8,0.585,0.482,0.288,51.1,5.03,4
ALL,5,2H-12H,EMA 200,3R,108,45,61,2,42.5,0.698,0.595,0.378,63.09,8.39,7
ALL,5,2H-12H,none,1R,606,326,278,2,54.0,0.079,-0.032,0.081,-19.45,37.04,11
ALL,5,2H-12H,none,2R,606,243,360,3,40.3,0.208,0.097,0.118,58.61,33.17,15
ALL,5,2H-12H,none,3R,606,193,410,3,32.0,0.279,0.168,0.15,101.6,37.06,18
ALL,5,all timeframes,EMA 200,1R,1929,974,951,4,50.6,0.011,-0.669,0.08,-1287.5,1287.5,14
ALL,5,all timeframes,EMA 200,2R,1929,682,1243,4,35.4,0.06,-0.62,0.092,-1193.68,1195.45,19
ALL,5,all timeframes,EMA 200,3R,1929,539,1386,4,28.0,0.116,-0.564,0.103,-1086.15,1086.15,23
ALL,5,all timeframes,none,1R,10493,5184,5297,12,49.5,-0.013,-0.83,0.068,-8702.88,8702.88,25
ALL,5,all timeframes,none,2R,10493,3651,6828,14,34.8,0.041,-0.776,0.07,-8126.96,8127.0,25
ALL,5,all timeframes,none,3R,10493,2790,7686,17,26.6,0.059,-0.758,0.073,-7944.96,7947.45,40
