symbol,test_year,entry_time_utc,group,side,entry,stop,risk_pct,second_swing_point_times_utc,result_1R_net,result_2R_net,result_3R_net,exit_3R_utc
BTCUSDT,1,2021-10-07 13:35,10m · 15m · 30m,buy,54155.38,53689.42,0.86,2021-10-07 12:20 · 2021-10-07 12:15 · 2021-10-07 12:00,win +0.88R,loss -1.12R,loss -1.12R,2021-10-07 14:35
XAUUSD,1,2021-10-12 12:35,10m · 15m · 30m,sell,1756.098,1764.898,0.501,2021-10-12 11:20 · 2021-10-12 11:15 · 2021-10-12 11:00,loss -1.04R,loss -1.04R,loss -1.04R,2021-10-12 13:45
XAUUSD,1,2021-10-13 12:50,5m · 10m · 15m,sell,1760.404,1776.888,0.936,2021-10-13 12:05 · 2021-10-13 12:00 · 2021-10-13 12:00,loss -1.02R,loss -1.02R,loss -1.02R,2021-10-13 13:35
EURUSD,1,2021-10-29 07:20,5m · 10m · 15m,buy,1.16732,1.16623,0.093,2021-10-29 06:50 · 2021-10-29 06:40 · 2021-10-29 06:30,loss -1.21R,loss -1.21R,loss -1.21R,2021-10-29 08:20
EURUSD,1,2021-11-02 09:05,10m · 15m · 30m,sell,1.15875,1.16133,0.223,2021-11-02 07:40 · 2021-11-02 07:30 · 2021-11-02 07:30,loss -1.09R,loss -1.09R,loss -1.09R,2021-11-03 18:50
XAUUSD,1,2021-11-18 06:05,5m · 10m · 15m,buy,1866.658,1864.638,0.108,2021-11-18 05:20 · 2021-11-18 05:20 · 2021-11-18 05:15,loss -1.18R,loss -1.18R,loss -1.18R,2021-11-18 06:15
XAUUSD,1,2022-01-07 14:50,5m · 10m · 15m,sell,1791.228,1794.228,0.167,2022-01-07 14:10 · 2022-01-07 14:10 · 2022-01-07 14:00,win +0.88R,loss -1.12R,loss -1.12R,2022-01-07 16:55
XAUUSD,1,2022-01-18 03:50,5m · 10m · 15m,sell,1815.374,1822.644,0.4,2022-01-18 03:05 · 2022-01-18 03:00 · 2022-01-18 03:00,win +0.95R,loss -1.05R,loss -1.05R,2022-01-19 13:25
XAUUSD,1,2022-01-18 16:35,5m · 10m · 15m,sell,1811.208,1820.048,0.488,2022-01-18 15:50 · 2022-01-18 15:50 · 2022-01-18 15:45,loss -1.04R,loss -1.04R,loss -1.04R,2022-01-19 13:20
EURUSD,1,2022-01-19 17:35,10m · 15m · 30m,sell,1.13461,1.13571,0.097,2022-01-19 16:20 · 2022-01-19 16:15 · 2022-01-19 16:00,loss -1.21R,loss -1.21R,loss -1.21R,2022-01-20 01:15
XAUUSD,1,2022-01-26 04:20,5m · 10m · 15m,buy,1846.838,1846.738,0.005,2022-01-26 03:50 · 2022-01-26 03:40 · 2022-01-26 03:30,loss -4.69R,loss -4.69R,loss -4.69R,2022-01-26 04:20
XAUUSD,1,2022-01-26 05:05,5m · 10m · 15m,buy,1847.048,1846.568,0.026,2022-01-26 04:20 · 2022-01-26 04:20 · 2022-01-26 04:15,loss -1.77R,loss -1.77R,loss -1.77R,2022-01-26 05:20
XAUUSD,1,2022-01-26 13:05,10m · 15m · 30m,buy,1846.618,1842.738,0.21,2022-01-26 11:50 · 2022-01-26 11:45 · 2022-01-26 11:30,loss -1.10R,loss -1.10R,loss -1.10R,2022-01-26 14:00
EURUSD,1,2022-01-26 19:50,5m · 10m · 15m,sell,1.12532,1.13006,0.421,2022-01-26 19:10 · 2022-01-26 19:10 · 2022-01-26 19:00,win +0.95R,win +1.95R,loss -1.05R,2022-02-02 10:00
XAUUSD,1,2022-01-28 04:05,5m · 10m · 15m,sell,1799.008,1799.308,0.017,2022-01-28 03:25 · 2022-01-28 03:20 · 2022-01-28 03:15,win -0.20R,win +0.80R,win +1.80R,2022-01-28 04:25
BTCUSDT,1,2022-02-08 16:35,10m · 15m · 30m,buy,43608.57,42854.81,1.728,2022-02-08 15:20 · 2022-02-08 15:00 · 2022-02-08 15:00,loss -1.06R,loss -1.06R,loss -1.06R,2022-02-08 17:25
BTCUSDT,1,2022-02-11 10:20,5m · 10m · 15m,sell,43363.77,43590.0,0.522,2022-02-11 09:45 · 2022-02-11 09:40 · 2022-02-11 09:30,loss -1.19R,loss -1.19R,loss -1.19R,2022-02-11 12:20
XAUUSD,1,2022-02-11 11:20,5m · 10m · 15m,sell,1826.044,1827.688,0.09,2022-02-11 10:35 · 2022-02-11 10:30 · 2022-02-11 10:30,loss -1.22R,loss -1.22R,loss -1.22R,2022-02-11 12:10
EURUSD,1,2022-02-23 08:05,10m · 15m · 30m,buy,1.13408,1.13219,0.167,2022-02-23 07:00 · 2022-02-23 07:00 · 2022-02-23 06:30,loss -1.12R,loss -1.12R,loss -1.12R,2022-02-23 15:15
EURUSD,1,2022-03-16 07:35,5m · 10m · 15m,sell,1.09649,1.09821,0.157,2022-03-16 06:45 · 2022-03-16 06:40 · 2022-03-16 06:45,loss -1.13R,loss -1.13R,loss -1.13R,2022-03-16 08:15
EURUSD,1,2022-04-06 14:05,10m · 15m · 30m,sell,1.09108,1.09379,0.248,2022-04-06 12:30 · 2022-04-06 12:45 · 2022-04-06 12:30,win +0.92R,loss -1.08R,loss -1.08R,2022-04-07 13:30
EURUSD,1,2022-04-12 13:05,5m · 10m · 15m,buy,1.0889,1.08507,0.352,2022-04-12 12:25 · 2022-04-12 12:20 · 2022-04-12 12:15,loss -1.06R,loss -1.06R,loss -1.06R,2022-04-12 16:30
BTCUSDT,1,2022-04-18 14:50,5m · 10m · 15m,sell,39360.28,39480.0,0.304,2022-04-18 14:20 · 2022-04-18 14:10 · 2022-04-18 14:00,win +0.67R,win +1.67R,win +2.67R,2022-04-18 16:10
BTCUSDT,1,2022-04-27 15:05,10m · 15m · 30m,sell,38794.82,39474.72,1.753,2022-04-27 13:40 · 2022-04-27 13:45 · 2022-04-27 13:30,loss -1.06R,loss -1.06R,loss -1.06R,2022-04-28 01:05
XAUUSD,1,2022-04-28 13:20,5m · 10m · 15m,sell,1884.908,1895.248,0.549,2022-04-28 12:30 · 2022-04-28 12:30 · 2022-04-28 12:30,loss -1.04R,loss -1.04R,loss -1.04R,2022-04-28 19:15
EURUSD,1,2022-05-04 01:50,5m · 10m · 15m,buy,1.05317,1.05183,0.127,2022-05-04 01:10 · 2022-05-04 01:00 · 2022-05-04 01:00,loss -1.16R,loss -1.16R,loss -1.16R,2022-05-04 03:15
EURUSD,1,2022-05-13 06:20,5m · 10m · 15m,sell,1.03853,1.03988,0.13,2022-05-13 05:50 · 2022-05-13 05:40 · 2022-05-13 05:30,loss -1.15R,loss -1.15R,loss -1.15R,2022-05-13 06:45
BTCUSDT,1,2022-05-25 08:35,5m · 10m · 15m,buy,29750.37,29691.41,0.198,2022-05-25 08:00 · 2022-05-25 07:50 · 2022-05-25 07:45,win +0.49R,win +1.49R,win +2.49R,2022-05-25 08:50
BTCUSDT,1,2022-06-06 17:50,5m · 10m · 15m,buy,31308.53,31205.17,0.33,2022-06-06 17:15 · 2022-06-06 17:10 · 2022-06-06 17:00,win +0.70R,win +1.70R,loss -1.30R,2022-06-07 00:15
EURUSD,1,2022-07-05 02:35,5m · 10m · 15m,sell,1.04293,1.04372,0.076,2022-07-05 01:35 · 2022-07-05 01:30 · 2022-07-05 01:45,loss -1.26R,loss -1.26R,loss -1.26R,2022-07-05 04:25
EURUSD,1,2022-07-13 07:20,5m · 10m · 15m,sell,1.00269,1.00467,0.197,2022-07-13 06:40 · 2022-07-13 06:40 · 2022-07-13 06:30,win +0.90R,loss -1.10R,loss -1.10R,2022-07-13 08:30
XAUUSD,1,2022-07-20 14:35,10m · 15m · 30m,sell,1708.751,1713.777,0.294,2022-07-20 13:20 · 2022-07-20 13:15 · 2022-07-20 13:00,win +0.93R,win +1.93R,win +2.93R,2022-07-20 20:00
BTCUSDT,1,2022-07-21 17:05,15m · 30m · 1H,buy,23121.85,22341.46,3.375,2022-07-21 14:15 · 2022-07-21 14:00 · 2022-07-21 14:00,loss -1.03R,loss -1.03R,loss -1.03R,2022-07-23 11:40
BTCUSDT,1,2022-08-14 00:50,5m · 10m · 15m,buy,24478.45,24350.04,0.525,2022-08-14 00:15 · 2022-08-14 00:10 · 2022-08-14 00:00,win +0.81R,win +1.81R,win +2.81R,2022-08-14 07:20
XAUUSD,1,2022-09-19 01:05,15m · 30m · 1H,sell,1675.596,1678.595,0.179,2022-09-18 23:30 · 2022-09-18 23:00 · 2022-09-18 22:00,win +0.89R,win +1.89R,win +2.89R,2022-09-19 06:00
EURUSD,2,2022-10-13 13:05,10m · 15m · 30m,sell,0.966,0.97529,0.962,2022-10-13 11:40 · 2022-10-13 11:30 · 2022-10-13 11:30,loss -1.02R,loss -1.02R,loss -1.02R,2022-10-13 15:15
EURUSD,2,2022-10-14 13:05,10m · 15m · 30m,buy,0.97893,0.9709,0.82,2022-10-14 11:50 · 2022-10-14 12:00 · 2022-10-14 11:30,loss -1.02R,loss -1.02R,loss -1.02R,2022-10-14 14:00
EURUSD,2,2022-11-04 12:35,10m · 15m · 30m,sell,0.97781,0.98115,0.342,2022-11-04 11:10 · 2022-11-04 11:00 · 2022-11-04 11:00,loss -1.06R,loss -1.06R,loss -1.06R,2022-11-04 12:35
BTCUSDT,2,2022-11-24 14:05,10m · 15m · 30m,buy,16566.07,16493.01,0.441,2022-11-24 12:40 · 2022-11-24 12:30 · 2022-11-24 12:30,loss -1.23R,loss -1.23R,loss -1.23R,2022-11-24 14:15
EURUSD,2,2022-11-29 08:50,5m · 10m · 15m,buy,1.03911,1.03507,0.389,2022-11-29 08:10 · 2022-11-29 08:10 · 2022-11-29 08:00,loss -1.05R,loss -1.05R,loss -1.05R,2022-11-29 13:50
BTCUSDT,2,2022-11-30 19:05,5m · 10m · 15m,buy,17018.58,16731.3,1.688,2022-11-30 18:25 · 2022-11-30 18:20 · 2022-11-30 18:15,win +0.94R,loss -1.06R,loss -1.06R,2022-12-07 07:15
EURUSD,2,2022-12-15 20:05,15m · 30m · 1H,buy,1.06324,1.05925,0.375,2022-12-15 17:00 · 2022-12-15 17:30 · 2022-12-15 17:00,loss -1.05R,loss -1.05R,loss -1.05R,2022-12-16 20:55
XAUUSD,2,2022-12-21 07:50,5m · 10m · 15m,buy,1815.415,1811.827,0.198,2022-12-21 07:00 · 2022-12-21 07:10 · 2022-12-21 07:00,loss -1.10R,loss -1.10R,loss -1.10R,2022-12-21 11:25
XAUUSD,2,2022-12-30 17:20,5m · 10m · 15m,buy,1818.317,1814.155,0.229,2022-12-30 16:35 · 2022-12-30 16:30 · 2022-12-30 16:30,win +0.91R,win +1.91R,win +2.91R,2023-01-03 00:10
XAUUSD,2,2023-01-25 15:05,10m · 15m · 30m,buy,1932.548,1919.697,0.665,2023-01-25 13:50 · 2023-01-25 13:45 · 2023-01-25 13:30,win +0.97R,loss -1.03R,loss -1.03R,2023-01-26 16:20
EURUSD,2,2023-01-26 14:05,10m · 15m · 30m,buy,1.09079,1.08877,0.185,2023-01-26 12:30 · 2023-01-26 12:30 · 2023-01-26 12:30,loss -1.11R,loss -1.11R,loss -1.11R,2023-01-26 14:45
EURUSD,2,2023-01-27 12:20,5m · 10m · 15m,sell,1.08779,1.08953,0.16,2023-01-27 10:40 · 2023-01-27 10:30 · 2023-01-27 10:30,win +0.88R,win +1.88R,loss -1.13R,2023-01-30 09:25
EURUSD,2,2023-02-03 13:50,5m · 10m · 15m,sell,1.08299,1.09399,1.016,2023-02-03 13:10 · 2023-02-03 13:00 · 2023-02-03 13:00,win +0.98R,win +1.98R,loss -1.29R,2023-04-04 15:00
XAUUSD,2,2023-02-07 18:35,5m · 10m · 15m,sell,1868.245,1884.348,0.862,2023-02-07 17:45 · 2023-02-07 17:40 · 2023-02-07 17:45,loss -1.02R,loss -1.02R,loss -1.02R,2023-02-08 07:55
XAUUSD,2,2023-02-14 11:05,10m · 15m · 30m,sell,1858.565,1863.748,0.279,2023-02-14 09:30 · 2023-02-14 09:30 · 2023-02-14 09:30,loss -1.07R,loss -1.07R,loss -1.07R,2023-02-14 13:30
XAUUSD,2,2023-02-21 14:05,5m · 10m · 15m,buy,1838.545,1830.225,0.453,2023-02-21 12:35 · 2023-02-21 12:30 · 2023-02-21 12:15,loss -1.04R,loss -1.04R,loss -1.04R,2023-02-22 18:45
EURUSD,2,2023-03-02 04:35,5m · 10m · 15m,buy,1.06483,1.06449,0.032,2023-03-02 03:45 · 2023-03-02 03:40 · 2023-03-02 03:45,loss -1.63R,loss -1.63R,loss -1.63R,2023-03-02 05:20
XAUUSD,2,2023-03-22 10:20,5m · 10m · 15m,sell,1943.945,1945.555,0.083,2023-03-22 09:45 · 2023-03-22 09:40 · 2023-03-22 09:30,win +0.76R,win +1.76R,win +2.76R,2023-03-22 12:35
BTCUSDT,2,2023-05-10 17:35,10m · 15m · 30m,sell,27262.86,28290.0,3.768,2023-05-10 16:20 · 2023-05-10 16:15 · 2023-05-10 16:00,win +0.97R,loss -1.03R,loss -1.03R,2023-05-29 00:15
EURUSD,2,2023-05-31 01:35,5m · 10m · 15m,sell,1.07207,1.07356,0.139,2023-05-31 00:55 · 2023-05-31 00:50 · 2023-05-31 00:45,win +0.86R,win +1.86R,win +2.86R,2023-05-31 07:10
BTCUSDT,2,2023-06-14 19:05,10m · 15m · 30m,sell,25932.33,26045.0,0.434,2023-06-14 17:50 · 2023-06-14 17:45 · 2023-06-14 17:30,win +0.77R,win +1.77R,win +2.77R,2023-06-14 20:05
BTCUSDT,2,2023-06-18 13:35,10m · 15m · 30m,buy,26523.41,26468.98,0.205,2023-06-18 12:20 · 2023-06-18 12:15 · 2023-06-18 12:00,loss -1.49R,loss -1.49R,loss -1.49R,2023-06-18 14:00
XAUUSD,2,2023-07-14 16:35,10m · 15m · 30m,buy,1957.945,1950.875,0.361,2023-07-14 14:10 · 2023-07-14 14:00 · 2023-07-14 14:00,loss -1.06R,loss -1.06R,loss -1.06R,2023-07-17 03:25
EURUSD,2,2023-07-19 11:05,5m · 10m · 15m,sell,1.12163,1.12399,0.21,2023-07-19 09:15 · 2023-07-19 09:10 · 2023-07-19 09:15,win +0.91R,win +1.91R,win +2.91R,2023-07-20 14:30
BTCUSDT,2,2023-07-26 19:20,5m · 10m · 15m,sell,29239.96,29499.0,0.886,2023-07-26 18:40 · 2023-07-26 18:30 · 2023-07-26 18:30,loss -1.11R,loss -1.11R,loss -1.11R,2023-07-26 20:15
XAUUSD,2,2023-08-21 05:50,5m · 10m · 15m,sell,1888.745,1894.015,0.279,2023-08-21 05:05 · 2023-08-21 05:00 · 2023-08-21 05:00,loss -1.07R,loss -1.07R,loss -1.07R,2023-08-21 12:00
EURUSD,2,2023-08-24 08:05,15m · 30m · 1H,sell,1.086,1.08764,0.151,2023-08-24 05:15 · 2023-08-24 05:00 · 2023-08-24 05:00,win +0.87R,win +1.87R,win +2.87R,2023-08-24 18:50
XAUUSD,2,2023-08-30 08:05,5m · 10m · 15m,buy,1936.195,1934.985,0.062,2023-08-30 07:30 · 2023-08-30 07:20 · 2023-08-30 07:15,win +0.68R,win +1.68R,win +2.68R,2023-08-30 12:00
EURUSD,2,2023-09-04 12:35,10m · 15m · 30m,sell,1.07976,1.08087,0.103,2023-09-04 11:00 · 2023-09-04 11:00 · 2023-09-04 11:00,win +0.81R,win +1.81R,win +2.81R,2023-09-05 06:25
XAUUSD,2,2023-09-07 13:35,5m · 10m · 15m,sell,1919.305,1923.495,0.218,2023-09-07 12:55 · 2023-09-07 12:50 · 2023-09-07 12:45,loss -1.09R,loss -1.09R,loss -1.09R,2023-09-08 00:35
XAUUSD,2,2023-09-13 14:20,5m · 10m · 15m,sell,1911.825,1915.655,0.2,2023-09-13 13:35 · 2023-09-13 13:30 · 2023-09-13 13:30,win +0.90R,win +1.90R,loss -1.10R,2023-09-15 02:00
XAUUSD,3,2023-10-03 15:20,5m · 10m · 15m,sell,1825.595,1833.205,0.417,2023-10-03 14:40 · 2023-10-03 14:40 · 2023-10-03 14:30,win +0.95R,win +1.95R,loss -1.05R,2023-10-06 15:25
EURUSD,3,2023-11-10 10:35,5m · 10m · 15m,sell,1.0673,1.068,0.066,2023-11-10 09:45 · 2023-11-10 09:40 · 2023-11-10 09:45,loss -1.31R,loss -1.31R,loss -1.31R,2023-11-10 10:50
BTCUSDT,3,2023-11-30 14:20,5m · 10m · 15m,sell,37712.1,37936.0,0.594,2023-11-30 13:40 · 2023-11-30 13:20 · 2023-11-30 13:30,loss -1.17R,loss -1.17R,loss -1.17R,2023-12-01 01:35
EURUSD,3,2023-12-12 14:35,10m · 15m · 30m,sell,1.07687,1.08113,0.396,2023-12-12 13:10 · 2023-12-12 13:00 · 2023-12-12 13:00,loss -1.05R,loss -1.05R,loss -1.05R,2023-12-13 19:00
EURUSD,3,2023-12-26 13:20,5m · 10m · 15m,buy,1.10185,1.10085,0.091,2023-12-26 12:40 · 2023-12-26 12:40 · 2023-12-26 12:30,win +0.78R,win +1.78R,win +2.78R,2023-12-27 07:15
XAUUSD,3,2023-12-28 13:35,10m · 15m · 30m,buy,2078.325,2071.215,0.342,2023-12-28 12:00 · 2023-12-28 12:00 · 2023-12-28 12:00,loss -1.06R,loss -1.06R,loss -1.06R,2023-12-28 19:10
XAUUSD,3,2023-12-28 15:05,10m · 15m · 30m,buy,2080.245,2071.865,0.403,2023-12-28 13:50 · 2023-12-28 13:45 · 2023-12-28 13:30,loss -1.05R,loss -1.05R,loss -1.05R,2023-12-28 18:00
BTCUSDT,3,2024-01-04 06:20,5m · 10m · 15m,sell,43122.55,43273.08,0.349,2024-01-04 05:35 · 2024-01-04 05:30 · 2024-01-04 05:30,win +0.71R,win +1.71R,win +2.72R,2024-01-04 10:25
XAUUSD,3,2024-01-18 17:35,10m · 15m · 30m,sell,2014.445,2017.635,0.158,2024-01-18 16:20 · 2024-01-18 16:15 · 2024-01-18 16:00,loss -1.13R,loss -1.13R,loss -1.13R,2024-01-18 18:20
XAUUSD,3,2024-01-23 16:05,10m · 15m · 30m,buy,2026.105,2021.325,0.236,2024-01-23 14:40 · 2024-01-23 14:45 · 2024-01-23 14:30,win +0.92R,win +1.92R,loss -1.08R,2024-01-24 15:00
XAUUSD,3,2024-02-13 14:05,5m · 10m · 15m,sell,2002.515,2029.795,1.362,2024-02-13 13:25 · 2024-02-13 13:20 · 2024-02-13 13:15,loss -1.01R,loss -1.01R,loss -1.01R,2024-02-20 13:30
EURUSD,3,2024-02-15 03:05,15m · 30m · 1H,sell,1.07298,1.07354,0.052,2024-02-15 00:45 · 2024-02-15 00:30 · 2024-02-15 00:00,loss -1.38R,loss -1.38R,loss -1.38R,2024-02-15 07:20
EURUSD,3,2024-03-20 08:05,10m · 15m · 30m,sell,1.08586,1.08704,0.109,2024-03-20 07:00 · 2024-03-20 07:00 · 2024-03-20 06:30,win +0.82R,loss -1.18R,loss -1.18R,2024-03-20 18:00
BTCUSDT,3,2024-04-03 08:05,10m · 15m · 30m,sell,66055.86,66377.0,0.486,2024-04-03 07:10 · 2024-04-03 07:00 · 2024-04-03 06:30,loss -1.21R,loss -1.21R,loss -1.21R,2024-04-03 08:35
XAUUSD,3,2024-04-03 13:05,5m · 10m · 15m,buy,2274.955,2265.405,0.42,2024-04-03 12:20 · 2024-04-03 12:20 · 2024-04-03 12:15,win +0.95R,win +1.95R,win +2.95R,2024-04-04 01:00
XAUUSD,3,2024-04-08 01:35,5m · 10m · 15m,buy,2316.605,2305.975,0.459,2024-04-08 01:00 · 2024-04-08 01:00 · 2024-04-08 00:45,win +0.96R,win +1.96R,win +2.96R,2024-04-08 02:35
BTCUSDT,3,2024-04-14 09:05,5m · 10m · 15m,sell,64597.93,64850.0,0.39,2024-04-14 08:25 · 2024-04-14 08:20 · 2024-04-14 08:15,win +0.74R,win +1.74R,win +2.75R,2024-04-14 14:25
EURUSD,3,2024-05-07 00:35,10m · 15m · 30m,buy,1.07709,1.07661,0.045,2024-05-06 23:30 · 2024-05-06 23:00 · 2024-05-06 23:00,win +0.55R,loss -1.45R,loss -1.45R,2024-05-07 01:30
EURUSD,3,2024-05-16 12:35,10m · 15m · 30m,buy,1.08684,1.08655,0.027,2024-05-16 11:30 · 2024-05-16 11:30 · 2024-05-16 11:00,loss -1.75R,loss -1.75R,loss -1.75R,2024-05-16 12:35
EURUSD,3,2024-06-18 06:05,5m · 10m · 15m,buy,1.07256,1.07191,0.061,2024-06-18 05:25 · 2024-06-18 05:20 · 2024-06-18 05:15,win +0.67R,loss -1.33R,loss -1.33R,2024-06-18 08:20
XAUUSD,3,2024-07-12 12:05,10m · 15m · 30m,buy,2401.895,2399.705,0.091,2024-07-12 11:00 · 2024-07-12 10:45 · 2024-07-12 10:30,win +0.78R,loss -1.22R,loss -1.22R,2024-07-12 12:30
BTCUSDT,3,2024-08-06 08:35,5m · 10m · 15m,sell,55022.01,56169.48,2.085,2024-08-06 07:55 · 2024-08-06 07:50 · 2024-08-06 07:45,loss -1.05R,loss -1.05R,loss -1.05R,2024-08-06 14:10
EURUSD,3,2024-08-20 06:20,5m · 10m · 15m,buy,1.1076,1.10747,0.012,2024-08-20 05:45 · 2024-08-20 05:40 · 2024-08-20 05:30,win -0.70R,win +0.30R,win +1.30R,2024-08-20 06:40
EURUSD,3,2024-08-26 08:20,5m · 10m · 15m,buy,1.11808,1.11757,0.046,2024-08-26 07:40 · 2024-08-26 07:20 · 2024-08-26 07:30,loss -1.44R,loss -1.44R,loss -1.44R,2024-08-26 09:50
EURUSD,3,2024-08-26 22:05,15m · 30m · 1H,buy,1.11632,1.11586,0.041,2024-08-26 19:45 · 2024-08-26 19:30 · 2024-08-26 19:00,win +0.51R,win +1.51R,win +2.51R,2024-08-27 09:15
EURUSD,3,2024-08-27 15:05,15m · 30m · 1H,buy,1.11689,1.11501,0.168,2024-08-27 13:30 · 2024-08-27 12:00 · 2024-08-27 12:00,win +0.88R,loss -1.12R,loss -1.12R,2024-08-28 05:15
BTCUSDT,3,2024-09-07 09:35,5m · 10m · 15m,sell,54200.0,54372.0,0.317,2024-09-07 08:55 · 2024-09-07 08:50 · 2024-09-07 08:45,loss -1.32R,loss -1.32R,loss -1.32R,2024-09-07 10:20
BTCUSDT,3,2024-09-08 06:05,10m · 15m · 30m,sell,54382.0,54575.0,0.355,2024-09-08 05:00 · 2024-09-08 05:00 · 2024-09-08 04:30,loss -1.28R,loss -1.28R,loss -1.28R,2024-09-08 09:10
EURUSD,3,2024-09-11 13:05,15m · 30m · 1H,sell,1.1019,1.10488,0.27,2024-09-11 11:15 · 2024-09-11 11:00 · 2024-09-11 10:00,loss -1.07R,loss -1.07R,loss -1.07R,2024-09-12 17:05
BTCUSDT,3,2024-09-20 01:50,5m · 10m · 15m,buy,62986.0,62606.0,0.603,2024-09-20 01:05 · 2024-09-20 01:00 · 2024-09-20 01:00,win +0.83R,win +1.83R,win +2.83R,2024-09-20 04:05
EURUSD,3,2024-09-20 16:05,5m · 10m · 15m,buy,1.11633,1.1136,0.245,2024-09-20 15:25 · 2024-09-20 15:20 · 2024-09-20 15:15,loss -1.08R,loss -1.08R,loss -1.08R,2024-09-23 07:10
BTCUSDT,3,2024-09-20 19:35,10m · 15m · 30m,buy,62984.32,62350.0,1.007,2024-09-20 18:00 · 2024-09-20 18:00 · 2024-09-20 18:00,win +0.90R,win +1.90R,win +2.90R,2024-09-26 14:10
XAUUSD,3,2024-09-24 08:20,5m · 10m · 15m,buy,2628.385,2622.475,0.225,2024-09-24 07:35 · 2024-09-24 07:30 · 2024-09-24 07:30,win +0.91R,win +1.91R,win +2.91R,2024-09-24 14:50
XAUUSD,4,2024-10-02 13:35,10m · 15m · 30m,buy,2657.865,2643.648,0.535,2024-10-02 12:20 · 2024-10-02 12:15 · 2024-10-02 12:00,loss -1.04R,loss -1.04R,loss -1.04R,2024-10-02 15:05
XAUUSD,4,2024-10-10 09:05,10m · 15m · 30m,sell,2615.215,2616.915,0.065,2024-10-10 07:50 · 2024-10-10 07:45 · 2024-10-10 07:30,loss -1.31R,loss -1.31R,loss -1.31R,2024-10-10 09:25
BTCUSDT,4,2024-10-10 12:50,5m · 10m · 15m,sell,60924.01,61312.0,0.637,2024-10-10 12:10 · 2024-10-10 12:00 · 2024-10-10 12:00,win +0.84R,win +1.84R,win +2.84R,2024-10-10 17:50
EURUSD,4,2024-10-16 13:05,5m · 10m · 15m,sell,1.08885,1.09014,0.118,2024-10-16 12:20 · 2024-10-16 12:20 · 2024-10-16 12:15,win +0.83R,win +1.83R,win +2.83R,2024-10-17 06:55
BTCUSDT,4,2024-10-19 08:20,5m · 10m · 15m,buy,68365.57,68332.21,0.049,2024-10-19 07:45 · 2024-10-19 07:40 · 2024-10-19 07:30,win -1.05R,win -0.05R,win +0.95R,2024-10-19 08:45
EURUSD,4,2024-10-23 06:35,5m · 10m · 15m,sell,1.07962,1.08065,0.095,2024-10-23 05:55 · 2024-10-23 05:50 · 2024-10-23 05:45,win +0.79R,win +1.79R,win +2.79R,2024-10-23 11:55
XAUUSD,4,2024-11-19 17:20,5m · 10m · 15m,buy,2630.655,2622.935,0.293,2024-11-19 16:40 · 2024-11-19 16:40 · 2024-11-19 16:30,win +0.93R,loss -1.07R,loss -1.07R,2024-11-20 07:50
XAUUSD,4,2024-11-29 01:35,5m · 10m · 15m,buy,2643.795,2635.575,0.311,2024-11-29 00:55 · 2024-11-29 00:50 · 2024-11-29 00:45,win +0.94R,win +1.94R,loss -1.06R,2024-12-02 00:40
BTCUSDT,4,2024-12-03 07:05,5m · 10m · 15m,sell,95564.01,96238.1,0.705,2024-12-03 06:20 · 2024-12-03 06:30 · 2024-12-03 06:15,win +0.86R,win +1.86R,loss -1.14R,2024-12-03 15:25
EURUSD,4,2024-12-03 20:05,15m · 30m · 1H,sell,1.05065,1.05303,0.227,2024-12-03 18:15 · 2024-12-03 18:00 · 2024-12-03 17:00,win +0.91R,loss -1.09R,loss -1.09R,2024-12-04 15:15
EURUSD,4,2024-12-16 16:05,10m · 15m · 30m,buy,1.05099,1.04745,0.337,2024-12-16 14:40 · 2024-12-16 14:45 · 2024-12-16 14:30,loss -1.06R,loss -1.06R,loss -1.06R,2024-12-18 15:50
BTCUSDT,4,2024-12-20 20:35,10m · 15m · 30m,sell,96647.04,97727.27,1.118,2024-12-20 19:20 · 2024-12-20 19:15 · 2024-12-20 19:00,win +0.91R,loss -1.09R,loss -1.09R,2024-12-20 23:20
BTCUSDT,4,2024-12-22 12:20,5m · 10m · 15m,sell,96933.79,97334.25,0.413,2024-12-22 11:35 · 2024-12-22 11:30 · 2024-12-22 11:30,win +0.76R,win +1.76R,win +2.76R,2024-12-22 14:30
EURUSD,4,2025-01-27 09:05,10m · 15m · 30m,buy,1.04808,1.0456,0.237,2025-01-27 07:00 · 2025-01-27 07:00 · 2025-01-27 07:30,win +0.92R,win +1.92R,loss -1.08R,2025-01-27 23:20
EURUSD,4,2025-02-10 12:05,5m · 10m · 15m,sell,1.0319,1.03339,0.144,2025-02-10 11:05 · 2025-02-10 11:00 · 2025-02-10 11:15,win +0.86R,loss -1.14R,loss -1.14R,2025-02-11 14:45
EURUSD,4,2025-02-28 16:05,5m · 10m · 15m,sell,1.04025,1.04191,0.16,2025-02-28 15:35 · 2025-02-28 15:30 · 2025-02-28 15:15,win +0.87R,win +1.87R,loss -1.13R,2025-03-02 23:20
BTCUSDT,4,2025-03-17 10:35,10m · 15m · 30m,sell,83359.01,83783.02,0.509,2025-03-17 09:20 · 2025-03-17 09:15 · 2025-03-17 09:00,loss -1.20R,loss -1.20R,loss -1.20R,2025-03-17 12:00
EURUSD,4,2025-03-28 07:35,5m · 10m · 15m,buy,1.0797,1.07831,0.129,2025-03-28 06:35 · 2025-03-28 06:30 · 2025-03-28 06:45,loss -1.16R,loss -1.16R,loss -1.16R,2025-03-28 07:55
BTCUSDT,4,2025-04-16 18:05,5m · 10m · 15m,sell,83777.99,85481.16,2.033,2025-04-16 17:15 · 2025-04-16 17:10 · 2025-04-16 17:15,loss -1.05R,loss -1.05R,loss -1.05R,2025-04-19 13:55
EURUSD,4,2025-05-07 16:05,10m · 15m · 30m,sell,1.13376,1.13708,0.293,2025-05-07 14:50 · 2025-05-07 14:30 · 2025-05-07 14:30,win +0.93R,win +1.93R,win +2.93R,2025-05-08 15:50
EURUSD,4,2025-05-08 03:50,5m · 10m · 15m,sell,1.13252,1.13361,0.096,2025-05-08 03:10 · 2025-05-08 03:10 · 2025-05-08 03:00,win +0.79R,win +1.79R,win +2.79R,2025-05-08 06:15
EURUSD,4,2025-05-19 01:35,5m · 10m · 15m,sell,1.11764,1.11985,0.198,2025-05-19 00:55 · 2025-05-19 00:50 · 2025-05-19 00:45,loss -1.10R,loss -1.10R,loss -1.10R,2025-05-19 06:15
XAUUSD,4,2025-05-26 13:35,10m · 15m · 30m,buy,3336.648,3326.215,0.313,2025-05-26 12:20 · 2025-05-26 12:15 · 2025-05-26 12:00,win +0.94R,loss -1.06R,loss -1.06R,2025-05-27 05:25
BTCUSDT,4,2025-05-31 23:05,10m · 15m · 30m,sell,104517.74,104884.16,0.351,2025-05-31 21:50 · 2025-05-31 21:45 · 2025-05-31 21:30,win +0.72R,win +1.72R,loss -1.29R,2025-06-01 16:05
EURUSD,4,2025-06-03 06:20,5m · 10m · 15m,buy,1.14275,1.14136,0.122,2025-06-03 05:40 · 2025-06-03 05:30 · 2025-06-03 05:30,loss -1.16R,loss -1.16R,loss -1.16R,2025-06-03 08:00
EURUSD,4,2025-06-11 07:50,5m · 10m · 15m,buy,1.14195,1.14052,0.125,2025-06-11 07:10 · 2025-06-11 07:10 · 2025-06-11 07:00,win +0.84R,win +1.84R,win +2.84R,2025-06-11 12:30
BTCUSDT,4,2025-06-19 01:20,5m · 10m · 15m,sell,104673.99,105182.45,0.486,2025-06-19 00:45 · 2025-06-19 00:40 · 2025-06-19 00:30,loss -1.21R,loss -1.21R,loss -1.21R,2025-06-19 05:05
XAUUSD,4,2025-06-25 08:20,5m · 10m · 15m,sell,3327.075,3335.798,0.262,2025-06-25 07:40 · 2025-06-25 07:20 · 2025-06-25 07:30,win +0.92R,loss -1.08R,loss -1.08R,2025-06-25 19:40
BTCUSDT,4,2025-07-05 05:05,5m · 10m · 15m,sell,108076.92,108386.0,0.286,2025-07-05 04:25 · 2025-07-05 04:20 · 2025-07-05 04:15,loss -1.35R,loss -1.35R,loss -1.35R,2025-07-06 13:20
BTCUSDT,4,2025-07-24 04:05,5m · 10m · 15m,sell,118464.34,119250.0,0.663,2025-07-24 03:25 · 2025-07-24 03:20 · 2025-07-24 03:15,win +0.85R,loss -1.15R,loss -1.15R,2025-07-24 15:00
XAUUSD,4,2025-07-28 06:35,5m · 10m · 15m,sell,3337.215,3343.898,0.2,2025-07-28 05:50 · 2025-07-28 05:50 · 2025-07-28 05:45,win +0.90R,win +1.90R,win +2.90R,2025-07-28 13:45
XAUUSD,4,2025-08-08 19:05,10m · 15m · 30m,buy,3394.855,3374.599,0.597,2025-08-08 17:50 · 2025-08-08 17:45 · 2025-08-08 17:30,loss -1.03R,loss -1.03R,loss -1.03R,2025-08-11 01:05
BTCUSDT,4,2025-08-20 07:50,5m · 10m · 15m,sell,113631.99,113747.35,0.102,2025-08-20 07:15 · 2025-08-20 07:10 · 2025-08-20 07:00,win +0.02R,win +1.02R,loss -1.99R,2025-08-20 08:15
EURUSD,4,2025-08-20 19:05,10m · 15m · 30m,sell,1.16533,1.16723,0.163,2025-08-20 17:50 · 2025-08-20 17:45 · 2025-08-20 17:30,win +0.88R,win +1.88R,win +2.88R,2025-08-22 03:35
BTCUSDT,4,2025-09-05 15:05,15m · 30m · 1H,sell,110466.31,113384.62,2.642,2025-09-05 12:45 · 2025-09-05 12:30 · 2025-09-05 12:00,loss -1.04R,loss -1.04R,loss -1.04R,2025-09-10 12:30
EURUSD,4,2025-09-10 13:35,10m · 15m · 30m,buy,1.17214,1.1691,0.259,2025-09-10 12:20 · 2025-09-10 12:15 · 2025-09-10 12:00,loss -1.08R,loss -1.08R,loss -1.08R,2025-09-11 05:55
BTCUSDT,4,2025-09-21 08:35,5m · 10m · 15m,sell,115578.68,115815.98,0.205,2025-09-21 07:55 · 2025-09-21 07:50 · 2025-09-21 07:45,win +0.51R,win +1.51R,win +2.51R,2025-09-22 00:30
XAUUSD,5,2025-10-02 02:05,10m · 15m · 30m,buy,3861.585,3855.735,0.151,2025-10-02 00:50 · 2025-10-02 00:45 · 2025-10-02 00:30,win +0.87R,win +1.87R,win +2.87R,2025-10-02 09:45
EURUSD,5,2025-10-03 02:35,5m · 10m · 15m,sell,1.17225,1.17292,0.057,2025-10-03 01:50 · 2025-10-03 01:50 · 2025-10-03 01:45,win +0.65R,loss -1.35R,loss -1.35R,2025-10-03 07:30
EURUSD,5,2025-10-08 13:05,5m · 10m · 15m,sell,1.16327,1.16364,0.032,2025-10-08 12:30 · 2025-10-08 12:20 · 2025-10-08 12:15,loss -1.63R,loss -1.63R,loss -1.63R,2025-10-08 13:05
EURUSD,5,2025-10-09 06:05,10m · 15m · 30m,sell,1.1636,1.1647,0.095,2025-10-09 05:00 · 2025-10-09 05:00 · 2025-10-09 04:30,win +0.79R,win +1.79R,win +2.79R,2025-10-09 13:40
BTCUSDT,5,2025-10-12 13:35,10m · 15m · 30m,sell,111649.12,112250.0,0.538,2025-10-12 12:00 · 2025-10-12 12:00 · 2025-10-12 12:00,loss -1.19R,loss -1.19R,loss -1.19R,2025-10-12 14:45
EURUSD,5,2025-10-27 08:35,5m · 10m · 15m,buy,1.1627,1.16197,0.063,2025-10-27 08:00 · 2025-10-27 08:00 · 2025-10-27 07:45,win +0.68R,win +1.68R,win +2.68R,2025-10-27 12:00
XAUUSD,5,2025-11-06 02:05,5m · 10m · 15m,buy,3976.825,3968.235,0.216,2025-11-06 01:05 · 2025-11-06 01:00 · 2025-11-06 01:15,win +0.91R,win +1.91R,win +2.91R,2025-11-06 07:20
EURUSD,5,2025-12-08 10:35,5m · 10m · 15m,buy,1.16524,1.16486,0.033,2025-12-08 09:55 · 2025-12-08 09:50 · 2025-12-08 09:45,loss -1.61R,loss -1.61R,loss -1.61R,2025-12-08 10:40
XAUUSD,5,2025-12-10 20:20,5m · 10m · 15m,buy,4233.605,4181.565,1.229,2025-12-10 19:40 · 2025-12-10 19:40 · 2025-12-10 19:30,win +0.98R,win +1.98R,win +2.98R,2025-12-22 03:00
EURUSD,5,2025-12-12 05:35,5m · 10m · 15m,buy,1.17357,1.17315,0.036,2025-12-12 04:55 · 2025-12-12 04:50 · 2025-12-12 04:45,win +0.44R,loss -1.56R,loss -1.56R,2025-12-12 08:55
BTCUSDT,5,2026-01-19 00:05,10m · 15m · 30m,sell,92977.7,95517.18,2.731,2026-01-18 22:50 · 2026-01-18 22:00 · 2026-01-18 22:30,win +0.96R,win +1.96R,win +2.96R,2026-01-29 15:10
BTCUSDT,5,2026-01-27 16:05,5m · 10m · 15m,buy,88189.44,87628.46,0.636,2026-01-27 15:25 · 2026-01-27 15:20 · 2026-01-27 15:15,win +0.84R,loss -1.16R,loss -1.16R,2026-01-27 17:15
EURUSD,5,2026-01-30 12:05,15m · 30m · 1H,buy,1.19466,1.18981,0.406,2026-01-30 09:45 · 2026-01-30 09:30 · 2026-01-30 09:00,loss -1.05R,loss -1.05R,loss -1.05R,2026-01-30 15:00
EURUSD,5,2026-02-03 07:05,5m · 10m · 15m,sell,1.18107,1.18162,0.047,2026-02-03 06:25 · 2026-02-03 06:20 · 2026-02-03 06:15,loss -1.43R,loss -1.43R,loss -1.43R,2026-02-03 07:10
BTCUSDT,5,2026-02-12 15:05,10m · 15m · 30m,sell,67292.99,68397.5,1.641,2026-02-12 13:50 · 2026-02-12 13:45 · 2026-02-12 13:30,win +0.94R,loss -1.06R,loss -1.06R,2026-02-13 15:10
EURUSD,5,2026-02-13 18:05,15m · 30m · 1H,buy,1.18757,1.18475,0.237,2026-02-13 15:45 · 2026-02-13 15:30 · 2026-02-13 15:00,loss -1.08R,loss -1.08R,loss -1.08R,2026-02-16 16:50
BTCUSDT,5,2026-02-26 13:50,5m · 10m · 15m,buy,68103.77,67994.43,0.161,2026-02-26 13:15 · 2026-02-26 13:10 · 2026-02-26 13:00,loss -1.62R,loss -1.62R,loss -1.62R,2026-02-26 13:50
EURUSD,5,2026-03-18 03:35,5m · 10m · 15m,buy,1.15331,1.15319,0.01,2026-03-18 03:05 · 2026-03-18 03:00 · 2026-03-18 02:45,win -0.92R,win +0.08R,win +1.08R,2026-03-18 03:55
BTCUSDT,5,2026-03-25 21:35,10m · 15m · 30m,buy,71006.46,70646.34,0.507,2026-03-25 20:00 · 2026-03-25 20:15 · 2026-03-25 20:00,win +0.80R,loss -1.20R,loss -1.20R,2026-03-26 05:05
BTCUSDT,5,2026-04-20 15:05,5m · 10m · 15m,sell,74799.53,75766.74,1.293,2026-04-20 14:25 · 2026-04-20 14:20 · 2026-04-20 14:15,loss -1.08R,loss -1.08R,loss -1.08R,2026-04-20 15:25
EURUSD,5,2026-04-28 19:35,10m · 15m · 30m,sell,1.17087,1.17158,0.061,2026-04-28 17:40 · 2026-04-28 18:30 · 2026-04-28 18:00,loss -1.33R,loss -1.33R,loss -1.33R,2026-04-28 22:00
EURUSD,5,2026-06-04 08:05,10m · 15m · 30m,sell,1.16066,1.16148,0.071,2026-06-04 06:30 · 2026-06-04 06:30 · 2026-06-04 06:30,loss -1.28R,loss -1.28R,loss -1.28R,2026-06-04 09:00
XAUUSD,5,2026-06-17 19:05,10m · 15m · 30m,sell,4271.325,4382.125,2.594,2026-06-17 17:50 · 2026-06-17 17:45 · 2026-06-17 17:30,win +0.99R,win +1.99R,loss -1.01R,2026-08-10 18:40
XAUUSD,5,2026-06-30 13:05,10m · 15m · 30m,sell,4016.185,4037.075,0.52,2026-06-30 11:50 · 2026-06-30 11:30 · 2026-06-30 11:30,loss -1.04R,loss -1.04R,loss -1.04R,2026-06-30 14:05
BTCUSDT,5,2026-07-12 09:05,15m · 30m · 1H,buy,63979.19,63640.83,0.529,2026-07-12 06:15 · 2026-07-12 06:00 · 2026-07-12 06:00,win +0.81R,loss -1.19R,loss -1.19R,2026-07-13 00:40
EURUSD,5,2026-07-26 21:35,5m · 10m · 15m,buy,1.13916,1.13666,0.219,2026-07-24 20:55 · 2026-07-24 20:50 · 2026-07-24 20:45,win +0.91R,loss -1.09R,loss -1.09R,2026-07-27 21:00
XAUUSD,5,2026-07-26 22:35,5m · 10m · 15m,buy,4091.525,4049.125,1.036,2026-07-24 20:55 · 2026-07-24 20:50 · 2026-07-24 20:45,loss -1.02R,loss -1.02R,loss -1.02R,2026-07-28 01:20
EURUSD,5,2026-07-31 04:20,5m · 10m · 15m,buy,1.15128,1.15061,0.058,2026-07-31 03:35 · 2026-07-31 03:30 · 2026-07-31 03:30,loss -1.34R,loss -1.34R,loss -1.34R,2026-07-31 04:40
XAUUSD,5,2026-08-28 07:05,10m · 15m · 30m,buy,4606.625,4571.085,0.771,2026-08-28 05:50 · 2026-08-28 05:30 · 2026-08-28 05:30,loss -1.03R,loss -1.03R,loss -1.03R,2026-08-28 14:05
XAUUSD,5,2026-09-21 12:05,10m · 15m · 30m,buy,4370.175,4342.105,0.642,2026-09-21 10:50 · 2026-09-21 10:45 · 2026-09-21 10:30,loss -1.03R,loss -1.03R,loss -1.03R,2026-09-21 14:00
