symbol,test_year,filter,stop,target,trades,wins,losses,open,win_pct,avg_R_gross,avg_R_net,ci95_net,total_R_net,max_drawdown_R,longest_losing_streak
BTCUSDT,1-5,EMA 200,large,1R,7,4,3,0,57.1,0.143,0.092,0.722,0.64,2.08,2
BTCUSDT,1-5,EMA 200,large,2R,7,3,4,0,42.9,0.286,0.235,1.095,1.64,2.1,2
BTCUSDT,1-5,EMA 200,large,3R,7,3,4,0,42.9,0.714,0.663,1.462,4.64,2.1,2
BTCUSDT,1-4,EMA 200,large,1R,6,4,2,0,66.7,0.333,0.279,0.744,1.67,1.05,1
BTCUSDT,1-4,EMA 200,large,2R,6,3,3,0,50.0,0.5,0.445,1.197,2.67,2.1,2
BTCUSDT,1-4,EMA 200,large,3R,6,3,3,0,50.0,1.0,0.945,1.597,5.67,2.1,2
BTCUSDT,1,EMA 200,large,1R,2,1,1,0,50.0,0.0,-0.019,1.39,-0.04,1.02,1
BTCUSDT,1,EMA 200,large,2R,2,1,1,0,50.0,0.5,0.481,2.083,0.96,1.02,1
BTCUSDT,1,EMA 200,large,3R,2,1,1,0,50.0,1.0,0.981,2.777,1.96,1.02,1
BTCUSDT,2,EMA 200,large,1R,2,2,0,0,100.0,1.0,0.925,0.009,1.85,0.0,0
BTCUSDT,2,EMA 200,large,2R,2,1,1,0,50.0,0.5,0.425,2.087,0.85,1.08,1
BTCUSDT,2,EMA 200,large,3R,2,1,1,0,50.0,1.0,0.925,2.78,1.85,1.08,1
BTCUSDT,3,EMA 200,large,1R,0,0,0,0,,,,,0.0,0.0,0
BTCUSDT,3,EMA 200,large,2R,0,0,0,0,,,,,0.0,0.0,0
BTCUSDT,3,EMA 200,large,3R,0,0,0,0,,,,,0.0,0.0,0
BTCUSDT,4,EMA 200,large,1R,2,1,1,0,50.0,0.0,-0.069,1.359,-0.14,1.05,1
BTCUSDT,4,EMA 200,large,2R,2,1,1,0,50.0,0.5,0.431,2.051,0.86,1.05,1
BTCUSDT,4,EMA 200,large,3R,2,1,1,0,50.0,1.0,0.93,2.744,1.86,1.05,1
BTCUSDT,5,EMA 200,large,1R,1,0,1,0,0.0,-1.0,-1.03,,-1.03,1.03,1
BTCUSDT,5,EMA 200,large,2R,1,0,1,0,0.0,-1.0,-1.03,,-1.03,1.03,1
BTCUSDT,5,EMA 200,large,3R,1,0,1,0,0.0,-1.0,-1.03,,-1.03,1.03,1
EURUSD,1-5,EMA 200,large,1R,12,8,4,0,66.7,0.333,0.268,0.531,3.21,2.06,2
EURUSD,1-5,EMA 200,large,2R,12,7,5,0,58.3,0.75,0.684,0.839,8.21,3.18,3
EURUSD,1-5,EMA 200,large,3R,12,5,7,0,41.7,0.667,0.601,1.114,7.21,3.18,3
EURUSD,1-4,EMA 200,large,1R,10,6,4,0,60.0,0.2,0.144,0.609,1.44,2.06,2
EURUSD,1-4,EMA 200,large,2R,10,5,5,0,50.0,0.5,0.444,0.938,4.44,3.18,3
EURUSD,1-4,EMA 200,large,3R,10,3,7,0,30.0,0.2,0.144,1.143,1.44,3.18,3
EURUSD,1,EMA 200,large,1R,2,1,1,0,50.0,0.0,-0.044,1.42,-0.09,1.07,1
EURUSD,1,EMA 200,large,2R,2,1,1,0,50.0,0.5,0.456,2.113,0.91,1.07,1
EURUSD,1,EMA 200,large,3R,2,1,1,0,50.0,1.0,0.956,2.806,1.91,1.07,1
EURUSD,2,EMA 200,large,1R,3,3,0,0,100.0,1.0,0.938,0.045,2.81,0.0,0
EURUSD,2,EMA 200,large,2R,3,2,1,0,66.7,1.0,0.938,1.64,2.81,1.11,1
EURUSD,2,EMA 200,large,3R,3,1,2,0,33.3,0.333,0.271,2.171,0.81,1.11,1
EURUSD,3,EMA 200,large,1R,3,1,2,0,33.3,-0.333,-0.383,1.039,-1.15,2.06,2
EURUSD,3,EMA 200,large,2R,3,1,2,0,33.3,0.0,-0.05,1.572,-0.15,2.06,2
EURUSD,3,EMA 200,large,3R,3,1,2,0,33.3,0.333,0.283,2.106,0.85,2.06,2
EURUSD,4,EMA 200,large,1R,2,1,1,0,50.0,0.0,-0.066,1.435,-0.13,1.1,1
EURUSD,4,EMA 200,large,2R,2,1,1,0,50.0,0.5,0.434,2.128,0.87,1.1,1
EURUSD,4,EMA 200,large,3R,2,0,2,0,0.0,-1.0,-1.066,0.049,-2.13,2.13,2
EURUSD,5,EMA 200,large,1R,2,2,0,0,100.0,1.0,0.884,0.005,1.77,0.0,0
EURUSD,5,EMA 200,large,2R,2,2,0,0,100.0,2.0,1.884,0.005,3.77,0.0,0
EURUSD,5,EMA 200,large,3R,2,2,0,0,100.0,3.0,2.884,0.005,5.77,0.0,0
XAUUSD,1-5,EMA 200,large,1R,9,3,6,0,33.3,-0.333,-0.363,0.618,-3.27,4.25,4
XAUUSD,1-5,EMA 200,large,2R,9,3,6,0,33.3,0.0,-0.03,0.926,-0.27,4.14,4
XAUUSD,1-5,EMA 200,large,3R,9,1,8,0,11.1,-0.556,-0.586,0.824,-5.27,8.25,8
XAUUSD,1-4,EMA 200,large,1R,7,2,5,0,28.6,-0.429,-0.463,0.671,-3.24,4.21,4
XAUUSD,1-4,EMA 200,large,2R,7,2,5,0,28.6,-0.143,-0.177,1.006,-1.24,4.14,4
XAUUSD,1-4,EMA 200,large,3R,7,0,7,0,0.0,-1.0,-1.034,0.014,-7.24,7.24,7
XAUUSD,1,EMA 200,large,1R,2,1,1,0,50.0,0.0,-0.034,1.394,-0.07,1.04,1
XAUUSD,1,EMA 200,large,2R,2,1,1,0,50.0,0.5,0.466,2.087,0.93,1.04,1
XAUUSD,1,EMA 200,large,3R,2,0,2,0,0.0,-1.0,-1.034,0.008,-2.07,2.07,2
XAUUSD,2,EMA 200,large,1R,3,0,3,0,0.0,-1.0,-1.042,0.026,-3.12,3.12,3
XAUUSD,2,EMA 200,large,2R,3,0,3,0,0.0,-1.0,-1.042,0.026,-3.12,3.12,3
XAUUSD,2,EMA 200,large,3R,3,0,3,0,0.0,-1.0,-1.042,0.026,-3.12,3.12,3
XAUUSD,3,EMA 200,large,1R,2,1,1,0,50.0,0.0,-0.022,1.373,-0.04,1.01,1
XAUUSD,3,EMA 200,large,2R,2,1,1,0,50.0,0.5,0.478,2.066,0.96,1.01,1
XAUUSD,3,EMA 200,large,3R,2,0,2,0,0.0,-1.0,-1.022,0.013,-2.04,2.04,2
XAUUSD,4,EMA 200,large,1R,0,0,0,0,,,,,0.0,0.0,0
XAUUSD,4,EMA 200,large,2R,0,0,0,0,,,,,0.0,0.0,0
XAUUSD,4,EMA 200,large,3R,0,0,0,0,,,,,0.0,0.0,0
XAUUSD,5,EMA 200,large,1R,2,1,1,0,50.0,0.0,-0.016,1.382,-0.03,1.01,1
XAUUSD,5,EMA 200,large,2R,2,1,1,0,50.0,0.5,0.484,2.075,0.97,1.01,1
XAUUSD,5,EMA 200,large,3R,2,1,1,0,50.0,1.0,0.984,2.768,1.97,1.01,1
ALL,1-5,EMA 200,large,1R,28,15,13,0,53.6,0.071,0.021,0.366,0.58,4.38,3
ALL,1-5,EMA 200,large,2R,28,13,15,0,46.4,0.393,0.342,0.553,9.58,6.46,5
ALL,1-5,EMA 200,large,3R,28,9,19,0,32.1,0.286,0.235,0.689,6.58,6.24,6
ALL,1-4,EMA 200,large,1R,23,12,11,0,52.2,0.043,-0.005,0.407,-0.12,4.38,3
ALL,1-4,EMA 200,large,2R,23,10,13,0,43.5,0.304,0.256,0.609,5.88,6.46,5
ALL,1-4,EMA 200,large,3R,23,6,17,0,26.1,0.043,-0.005,0.718,-0.12,6.24,6
ALL,1,EMA 200,large,1R,6,3,3,0,50.0,0.0,-0.033,0.809,-0.2,1.18,1
ALL,1,EMA 200,large,2R,6,3,3,0,50.0,0.5,0.467,1.209,2.8,2.11,2
ALL,1,EMA 200,large,3R,6,2,4,0,33.3,0.333,0.301,1.517,1.81,3.14,3
ALL,2,EMA 200,large,1R,8,5,3,0,62.5,0.25,0.192,0.663,1.54,2.19,2
ALL,2,EMA 200,large,2R,8,3,5,0,37.5,0.125,0.067,1.012,0.54,3.39,3
ALL,2,EMA 200,large,3R,8,2,6,0,25.0,0.0,-0.058,1.207,-0.46,4.25,4
ALL,3,EMA 200,large,1R,5,2,3,0,40.0,-0.2,-0.239,0.845,-1.19,3.08,3
ALL,3,EMA 200,large,2R,5,2,3,0,40.0,0.2,0.161,1.274,0.81,3.08,3
ALL,3,EMA 200,large,3R,5,1,4,0,20.0,-0.2,-0.239,1.382,-1.19,4.11,4
ALL,4,EMA 200,large,1R,4,2,2,0,50.0,0.0,-0.068,0.988,-0.27,2.15,2
ALL,4,EMA 200,large,2R,4,2,2,0,50.0,0.5,0.432,1.478,1.73,2.15,2
ALL,4,EMA 200,large,3R,4,1,3,0,25.0,0.0,-0.068,1.685,-0.27,3.18,3
ALL,5,EMA 200,large,1R,5,3,2,0,60.0,0.2,0.141,0.833,0.71,1.06,1
ALL,5,EMA 200,large,2R,5,3,2,0,60.0,0.8,0.741,1.262,3.71,1.03,1
ALL,5,EMA 200,large,3R,5,3,2,0,60.0,1.4,1.341,1.691,6.71,1.03,1
BTCUSDT,1-5,EMA 200,small,1R,7,3,4,0,42.9,-0.143,-0.2,0.73,-1.4,2.38,2
BTCUSDT,1-5,EMA 200,small,2R,7,2,5,0,28.6,-0.143,-0.2,1.006,-1.4,3.38,3
BTCUSDT,1-5,EMA 200,small,3R,7,2,5,0,28.6,0.143,0.086,1.341,0.6,3.21,3
BTCUSDT,1-4,EMA 200,small,1R,6,3,3,0,50.0,0.0,-0.062,0.8,-0.37,1.35,1
BTCUSDT,1-4,EMA 200,small,2R,6,2,4,0,33.3,0.0,-0.061,1.137,-0.37,3.21,3
BTCUSDT,1-4,EMA 200,small,3R,6,2,4,0,33.3,0.333,0.272,1.514,1.63,3.21,3
BTCUSDT,1,EMA 200,small,1R,2,1,1,0,50.0,0.0,-0.019,1.39,-0.04,1.02,1
BTCUSDT,1,EMA 200,small,2R,2,1,1,0,50.0,0.5,0.481,2.083,0.96,1.02,1
BTCUSDT,1,EMA 200,small,3R,2,1,1,0,50.0,1.0,0.981,2.777,1.96,1.02,1
BTCUSDT,2,EMA 200,small,1R,2,1,1,0,50.0,0.0,-0.096,1.406,-0.19,1.11,1
BTCUSDT,2,EMA 200,small,2R,2,0,2,0,0.0,-1.0,-1.096,0.021,-2.19,2.19,2
BTCUSDT,2,EMA 200,small,3R,2,0,2,0,0.0,-1.0,-1.096,0.021,-2.19,2.19,2
BTCUSDT,3,EMA 200,small,1R,0,0,0,0,,,,,0.0,0.0,0
BTCUSDT,3,EMA 200,small,2R,0,0,0,0,,,,,0.0,0.0,0
BTCUSDT,3,EMA 200,small,3R,0,0,0,0,,,,,0.0,0.0,0
BTCUSDT,4,EMA 200,small,1R,2,1,1,0,50.0,0.0,-0.069,1.359,-0.14,1.05,1
BTCUSDT,4,EMA 200,small,2R,2,1,1,0,50.0,0.5,0.431,2.051,0.86,1.05,1
BTCUSDT,4,EMA 200,small,3R,2,1,1,0,50.0,1.0,0.93,2.744,1.86,1.05,1
BTCUSDT,5,EMA 200,small,1R,1,0,1,0,0.0,-1.0,-1.03,,-1.03,1.03,1
BTCUSDT,5,EMA 200,small,2R,1,0,1,0,0.0,-1.0,-1.03,,-1.03,1.03,1
BTCUSDT,5,EMA 200,small,3R,1,0,1,0,0.0,-1.0,-1.03,,-1.03,1.03,1
EURUSD,1-5,EMA 200,small,1R,12,8,4,0,66.7,0.333,0.263,0.53,3.16,2.06,2
EURUSD,1-5,EMA 200,small,2R,12,7,5,0,58.3,0.75,0.68,0.837,8.16,3.18,3
EURUSD,1-5,EMA 200,small,3R,12,5,7,0,41.7,0.667,0.597,1.111,7.16,2.17,2
EURUSD,1-4,EMA 200,small,1R,10,6,4,0,60.0,0.2,0.139,0.607,1.39,2.06,2
EURUSD,1-4,EMA 200,small,2R,10,5,5,0,50.0,0.5,0.439,0.935,4.39,3.18,3
EURUSD,1-4,EMA 200,small,3R,10,3,7,0,30.0,0.2,0.139,1.138,1.39,2.17,2
EURUSD,1,EMA 200,small,1R,2,1,1,0,50.0,0.0,-0.045,1.419,-0.09,1.07,1
EURUSD,1,EMA 200,small,2R,2,1,1,0,50.0,0.5,0.455,2.112,0.91,1.07,1
EURUSD,1,EMA 200,small,3R,2,1,1,0,50.0,1.0,0.955,2.805,1.91,1.07,1
EURUSD,2,EMA 200,small,1R,3,3,0,0,100.0,1.0,0.938,0.045,2.81,0.0,0
EURUSD,2,EMA 200,small,2R,3,2,1,0,66.7,1.0,0.938,1.64,2.81,1.11,1
EURUSD,2,EMA 200,small,3R,3,1,2,0,33.3,0.333,0.272,2.172,0.81,2.17,2
EURUSD,3,EMA 200,small,1R,3,1,2,0,33.3,-0.333,-0.4,1.012,-1.2,2.06,2
EURUSD,3,EMA 200,small,2R,3,1,2,0,33.3,0.0,-0.067,1.546,-0.2,2.06,2
EURUSD,3,EMA 200,small,3R,3,1,2,0,33.3,0.333,0.267,2.079,0.8,2.06,2
EURUSD,4,EMA 200,small,1R,2,1,1,0,50.0,0.0,-0.066,1.435,-0.13,1.1,1
EURUSD,4,EMA 200,small,2R,2,1,1,0,50.0,0.5,0.434,2.128,0.87,1.1,1
EURUSD,4,EMA 200,small,3R,2,0,2,0,0.0,-1.0,-1.066,0.049,-2.13,2.13,2
EURUSD,5,EMA 200,small,1R,2,2,0,0,100.0,1.0,0.884,0.005,1.77,0.0,0
EURUSD,5,EMA 200,small,2R,2,2,0,0,100.0,2.0,1.884,0.005,3.77,0.0,0
EURUSD,5,EMA 200,small,3R,2,2,0,0,100.0,3.0,2.884,0.005,5.77,0.0,0
XAUUSD,1-5,EMA 200,small,1R,9,4,5,0,44.4,-0.111,-0.137,0.651,-1.24,3.16,3
XAUUSD,1-5,EMA 200,small,2R,9,3,6,0,33.3,0.0,-0.026,0.923,-0.24,4.1,4
XAUUSD,1-5,EMA 200,small,3R,9,1,8,0,11.1,-0.556,-0.582,0.823,-5.24,8.22,8
XAUUSD,1-4,EMA 200,small,1R,7,3,4,0,42.9,-0.143,-0.172,0.735,-1.21,3.16,3
XAUUSD,1-4,EMA 200,small,2R,7,2,5,0,28.6,-0.143,-0.172,1.002,-1.2,4.1,4
XAUUSD,1-4,EMA 200,small,3R,7,0,7,0,0.0,-1.0,-1.029,0.007,-7.2,7.2,7
XAUUSD,1,EMA 200,small,1R,2,1,1,0,50.0,0.0,-0.037,1.391,-0.07,1.04,1
XAUUSD,1,EMA 200,small,2R,2,1,1,0,50.0,0.5,0.464,2.084,0.93,1.04,1
XAUUSD,1,EMA 200,small,3R,2,0,2,0,0.0,-1.0,-1.037,0.004,-2.07,2.07,2
XAUUSD,2,EMA 200,small,1R,3,0,3,0,0.0,-1.0,-1.029,0.008,-3.09,3.09,3
XAUUSD,2,EMA 200,small,2R,3,0,3,0,0.0,-1.0,-1.029,0.008,-3.09,3.09,3
XAUUSD,2,EMA 200,small,3R,3,0,3,0,0.0,-1.0,-1.029,0.008,-3.09,3.09,3
XAUUSD,3,EMA 200,small,1R,2,2,0,0,100.0,1.0,0.977,0.013,1.95,0.0,0
XAUUSD,3,EMA 200,small,2R,2,1,1,0,50.0,0.5,0.478,2.066,0.96,1.01,1
XAUUSD,3,EMA 200,small,3R,2,0,2,0,0.0,-1.0,-1.022,0.013,-2.04,2.04,2
XAUUSD,4,EMA 200,small,1R,0,0,0,0,,,,,0.0,0.0,0
XAUUSD,4,EMA 200,small,2R,0,0,0,0,,,,,0.0,0.0,0
XAUUSD,4,EMA 200,small,3R,0,0,0,0,,,,,0.0,0.0,0
XAUUSD,5,EMA 200,small,1R,2,1,1,0,50.0,0.0,-0.016,1.382,-0.03,1.01,1
XAUUSD,5,EMA 200,small,2R,2,1,1,0,50.0,0.5,0.484,2.075,0.97,1.01,1
XAUUSD,5,EMA 200,small,3R,2,1,1,0,50.0,1.0,0.984,2.768,1.97,1.01,1
ALL,1-5,EMA 200,small,1R,28,15,13,0,53.6,0.071,0.019,0.367,0.52,5.37,4
ALL,1-5,EMA 200,small,2R,28,12,16,0,42.9,0.286,0.233,0.549,6.53,9.47,9
ALL,1-5,EMA 200,small,3R,28,8,20,0,28.6,0.143,0.09,0.666,2.52,9.76,8
ALL,1-4,EMA 200,small,1R,23,12,11,0,52.2,0.043,-0.008,0.408,-0.18,5.37,4
ALL,1-4,EMA 200,small,2R,23,9,14,0,39.1,0.174,0.123,0.6,2.82,9.47,9
ALL,1-4,EMA 200,small,3R,23,5,18,0,21.7,-0.13,-0.182,0.674,-4.18,9.76,8
ALL,1,EMA 200,small,1R,6,3,3,0,50.0,0.0,-0.034,0.808,-0.2,1.18,1
ALL,1,EMA 200,small,2R,6,3,3,0,50.0,0.5,0.467,1.208,2.8,2.11,2
ALL,1,EMA 200,small,3R,6,2,4,0,33.3,0.333,0.3,1.518,1.8,3.14,3
ALL,2,EMA 200,small,1R,8,4,4,0,50.0,0.0,-0.058,0.687,-0.47,4.2,4
ALL,2,EMA 200,small,2R,8,2,6,0,25.0,-0.25,-0.308,0.909,-2.46,6.39,6
ALL,2,EMA 200,small,3R,8,1,7,0,12.5,-0.5,-0.558,0.928,-4.46,7.45,7
ALL,3,EMA 200,small,1R,5,3,2,0,60.0,0.2,0.151,0.848,0.76,2.06,2
ALL,3,EMA 200,small,2R,5,2,3,0,40.0,0.2,0.151,1.264,0.76,3.08,3
ALL,3,EMA 200,small,3R,5,1,4,0,20.0,-0.2,-0.249,1.365,-1.24,4.11,4
ALL,4,EMA 200,small,1R,4,2,2,0,50.0,0.0,-0.068,0.988,-0.27,2.15,2
ALL,4,EMA 200,small,2R,4,2,2,0,50.0,0.5,0.432,1.478,1.73,2.15,2
ALL,4,EMA 200,small,3R,4,1,3,0,25.0,0.0,-0.068,1.685,-0.27,3.18,3
ALL,5,EMA 200,small,1R,5,3,2,0,60.0,0.2,0.141,0.833,0.71,1.06,1
ALL,5,EMA 200,small,2R,5,3,2,0,60.0,0.8,0.741,1.262,3.71,1.03,1
ALL,5,EMA 200,small,3R,5,3,2,0,60.0,1.4,1.341,1.691,6.71,1.03,1
BTCUSDT,1-5,none,large,1R,103,54,49,0,52.4,0.049,-0.022,0.193,-2.23,13.86,5
BTCUSDT,1-5,none,large,2R,103,35,68,0,34.0,0.019,-0.051,0.275,-5.23,25.95,12
BTCUSDT,1-5,none,large,3R,103,25,78,0,24.3,-0.029,-0.099,0.333,-10.24,30.09,14
BTCUSDT,1-4,none,large,1R,85,44,41,0,51.8,0.035,-0.034,0.213,-2.89,13.86,5
BTCUSDT,1-4,none,large,2R,85,27,58,0,31.8,-0.047,-0.116,0.298,-9.88,25.95,12
BTCUSDT,1-4,none,large,3R,85,18,67,0,21.2,-0.153,-0.222,0.35,-18.89,30.09,14
BTCUSDT,1,none,large,1R,27,15,12,0,55.6,0.111,0.077,0.377,2.08,5.31,5
BTCUSDT,1,none,large,2R,27,7,20,0,25.9,-0.222,-0.256,0.496,-6.92,11.38,11
BTCUSDT,1,none,large,3R,27,4,23,0,14.8,-0.407,-0.441,0.539,-11.91,13.51,13
BTCUSDT,2,none,large,1R,12,7,5,0,58.3,0.167,0.065,0.539,0.78,4.2,4
BTCUSDT,2,none,large,2R,12,3,9,0,25.0,-0.25,-0.352,0.747,-4.22,5.29,5
BTCUSDT,2,none,large,3R,12,3,9,0,25.0,0.0,-0.102,0.991,-1.23,5.29,5
BTCUSDT,3,none,large,1R,24,10,14,0,41.7,-0.167,-0.246,0.394,-5.9,7.49,4
BTCUSDT,3,none,large,2R,24,7,17,0,29.2,-0.125,-0.204,0.548,-4.89,7.43,7
BTCUSDT,3,none,large,3R,24,4,20,0,16.7,-0.333,-0.412,0.603,-9.9,9.9,8
BTCUSDT,4,none,large,1R,22,12,10,0,54.5,0.091,0.007,0.424,0.15,4.42,4
BTCUSDT,4,none,large,2R,22,10,12,0,45.5,0.364,0.28,0.628,6.15,5.45,5
BTCUSDT,4,none,large,3R,22,7,15,0,31.8,0.273,0.189,0.784,4.15,5.45,5
BTCUSDT,5,none,large,1R,18,10,8,0,55.6,0.111,0.036,0.46,0.66,3.06,2
BTCUSDT,5,none,large,2R,18,8,10,0,44.4,0.333,0.259,0.693,4.66,3.09,3
BTCUSDT,5,none,large,3R,18,7,11,0,38.9,0.556,0.481,0.905,8.65,5.68,5
EURUSD,1-5,none,large,1R,76,48,28,0,63.2,0.263,0.177,0.216,13.49,8.37,7
EURUSD,1-5,none,large,2R,76,32,44,0,42.1,0.263,0.177,0.332,13.49,13.67,8
EURUSD,1-5,none,large,3R,76,26,50,0,34.2,0.368,0.283,0.424,21.49,17.27,8
EURUSD,1-4,none,large,1R,62,39,23,0,62.9,0.258,0.176,0.242,10.91,8.37,7
EURUSD,1-4,none,large,2R,62,24,38,0,38.7,0.161,0.079,0.364,4.91,13.67,8
EURUSD,1-4,none,large,3R,62,19,43,0,30.6,0.226,0.144,0.46,8.91,17.27,8
EURUSD,1,none,large,1R,14,11,3,0,78.6,0.571,0.495,0.424,6.93,2.16,2
EURUSD,1,none,large,2R,14,7,7,0,50.0,0.5,0.424,0.792,5.93,2.12,2
EURUSD,1,none,large,3R,14,7,7,0,50.0,1.0,0.924,1.053,12.93,2.12,2
EURUSD,2,none,large,1R,20,13,7,0,65.0,0.3,0.232,0.423,4.65,2.22,2
EURUSD,2,none,large,2R,20,6,14,0,30.0,-0.1,-0.168,0.607,-3.35,6.79,4
EURUSD,2,none,large,3R,20,3,17,0,15.0,-0.4,-0.468,0.631,-9.36,9.36,5
EURUSD,3,none,large,1R,16,8,8,0,50.0,0.0,-0.107,0.495,-1.72,7.64,7
EURUSD,3,none,large,2R,16,6,10,0,37.5,0.125,0.018,0.717,0.28,8.79,8
EURUSD,3,none,large,3R,16,5,11,0,31.2,0.25,0.143,0.918,2.28,8.79,8
EURUSD,4,none,large,1R,12,7,5,0,58.3,0.167,0.087,0.551,1.04,2.58,2
EURUSD,4,none,large,2R,12,5,7,0,41.7,0.25,0.17,0.822,2.04,4.41,4
EURUSD,4,none,large,3R,12,4,8,0,33.3,0.333,0.254,1.045,3.04,4.44,4
EURUSD,5,none,large,1R,14,9,5,0,64.3,0.286,0.184,0.486,2.58,2.34,2
EURUSD,5,none,large,2R,14,8,6,0,57.1,0.714,0.613,0.755,8.58,2.12,2
EURUSD,5,none,large,3R,14,7,7,0,50.0,1.0,0.899,1.02,12.58,2.12,2
XAUUSD,1-5,none,large,1R,77,35,42,0,45.5,-0.095,-0.144,0.223,-11.08,13.87,4
XAUUSD,1-5,none,large,2R,77,17,60,0,22.1,-0.35,-0.4,0.28,-30.77,33.68,17
XAUUSD,1-5,none,large,3R,77,10,67,0,13.0,-0.493,-0.542,0.301,-41.77,43.7,18
XAUUSD,1-4,none,large,1R,63,28,35,0,44.4,-0.116,-0.17,0.246,-10.73,11.56,4
XAUUSD,1-4,none,large,2R,63,14,49,0,22.2,-0.349,-0.403,0.311,-25.41,26.35,17
XAUUSD,1-4,none,large,3R,63,9,54,0,14.3,-0.444,-0.499,0.347,-31.41,33.35,18
XAUUSD,1,none,large,1R,20,6,14,0,30.0,-0.4,-0.452,0.401,-9.04,9.04,4
XAUUSD,1,none,large,2R,20,5,15,0,25.0,-0.25,-0.302,0.573,-6.04,6.98,4
XAUUSD,1,none,large,3R,20,3,17,0,15.0,-0.4,-0.452,0.629,-9.04,10.98,6
XAUUSD,2,none,large,1R,25,14,11,0,56.0,0.108,0.052,0.391,1.29,3.17,3
XAUUSD,2,none,large,2R,25,5,20,0,20.0,-0.439,-0.496,0.475,-12.39,18.85,17
XAUUSD,2,none,large,3R,25,4,21,0,16.0,-0.399,-0.456,0.577,-11.39,19.87,18
XAUUSD,3,none,large,1R,10,5,5,0,50.0,0.0,-0.041,0.626,-0.41,2.35,2
XAUUSD,3,none,large,2R,10,3,7,0,30.0,-0.1,-0.141,0.855,-1.41,6.24,6
XAUUSD,3,none,large,3R,10,1,9,0,10.0,-0.6,-0.641,0.745,-6.41,8.3,8
XAUUSD,4,none,large,1R,8,3,5,0,37.5,-0.25,-0.321,0.67,-2.57,3.4,3
XAUUSD,4,none,large,2R,8,1,7,0,12.5,-0.625,-0.696,0.695,-5.57,5.57,4
XAUUSD,4,none,large,3R,8,1,7,0,12.5,-0.5,-0.571,0.924,-4.57,4.57,4
XAUUSD,5,none,large,1R,14,7,7,0,50.0,0.0,-0.025,0.526,-0.36,3.14,3
XAUUSD,5,none,large,2R,14,3,11,0,21.4,-0.357,-0.383,0.646,-5.36,7.33,7
XAUUSD,5,none,large,3R,14,1,13,0,7.1,-0.714,-0.74,0.541,-10.36,10.36,9
ALL,1-5,none,large,1R,256,137,119,0,53.5,0.069,0.001,0.122,0.17,13.41,5
ALL,1-5,none,large,2R,256,84,172,0,32.8,-0.019,-0.088,0.173,-22.51,45.35,12
ALL,1-5,none,large,3R,256,61,195,0,23.8,-0.051,-0.119,0.209,-30.51,55.38,16
ALL,1-4,none,large,1R,210,111,99,0,52.9,0.056,-0.013,0.135,-2.71,13.41,5
ALL,1-4,none,large,2R,210,65,145,0,31.0,-0.076,-0.145,0.188,-30.39,45.35,12
ALL,1-4,none,large,3R,210,46,164,0,21.9,-0.128,-0.197,0.224,-41.39,55.38,16
ALL,1,none,large,1R,61,32,29,0,52.5,0.049,-0.001,0.25,-0.03,6.03,5
ALL,1,none,large,2R,61,19,42,0,31.1,-0.066,-0.115,0.349,-7.03,15.04,11
ALL,1,none,large,3R,61,14,47,0,23.0,-0.082,-0.132,0.423,-8.02,17.18,11
ALL,2,none,large,1R,57,34,23,0,59.6,0.188,0.118,0.254,6.71,4.6,3
ALL,2,none,large,2R,57,14,43,0,24.6,-0.28,-0.35,0.339,-19.97,22.33,9
ALL,2,none,large,3R,57,10,47,0,17.5,-0.315,-0.385,0.397,-21.97,26.33,12
ALL,3,none,large,1R,50,23,27,0,46.0,-0.08,-0.16,0.278,-8.02,10.64,5
ALL,3,none,large,2R,50,16,34,0,32.0,-0.04,-0.12,0.39,-6.02,10.88,6
ALL,3,none,large,3R,50,10,40,0,20.0,-0.2,-0.28,0.447,-14.02,14.02,7
ALL,4,none,large,1R,42,22,20,0,52.4,0.048,-0.033,0.304,-1.37,4.53,3
ALL,4,none,large,2R,42,16,26,0,38.1,0.143,0.063,0.44,2.63,4.29,4
ALL,4,none,large,3R,42,12,30,0,28.6,0.143,0.063,0.545,2.63,9.78,5
ALL,5,none,large,1R,46,26,20,0,56.5,0.13,0.063,0.284,2.88,4.44,4
ALL,5,none,large,2R,46,19,27,0,41.3,0.239,0.171,0.422,7.88,7.59,7
ALL,5,none,large,3R,46,15,31,0,32.6,0.304,0.236,0.535,10.88,8.66,8
BTCUSDT,1-5,none,small,1R,103,51,52,0,49.5,-0.01,-0.077,0.196,-7.91,19.45,9
BTCUSDT,1-5,none,small,2R,103,30,73,0,29.1,-0.126,-0.193,0.264,-19.91,31.57,14
BTCUSDT,1-5,none,small,3R,103,24,79,0,23.3,-0.068,-0.135,0.327,-13.91,29.7,14
BTCUSDT,1-4,none,small,1R,85,42,43,0,49.4,-0.012,-0.076,0.216,-6.5,19.45,9
BTCUSDT,1-4,none,small,2R,85,23,62,0,27.1,-0.188,-0.253,0.285,-21.5,31.57,14
BTCUSDT,1-4,none,small,3R,85,18,67,0,21.2,-0.153,-0.218,0.349,-18.5,29.7,14
BTCUSDT,1,none,small,1R,27,16,11,0,59.3,0.185,0.152,0.373,4.09,5.27,5
BTCUSDT,1,none,small,2R,27,7,20,0,25.9,-0.222,-0.256,0.495,-6.9,11.36,11
BTCUSDT,1,none,small,3R,27,4,23,0,14.8,-0.407,-0.441,0.539,-11.9,13.5,13
BTCUSDT,2,none,small,1R,12,6,6,0,50.0,0.0,-0.068,0.561,-0.82,5.44,4
BTCUSDT,2,none,small,2R,12,3,9,0,25.0,-0.25,-0.319,0.726,-3.82,7.44,7
BTCUSDT,2,none,small,3R,12,3,9,0,25.0,0.0,-0.069,0.971,-0.83,7.44,7
BTCUSDT,3,none,small,1R,24,8,16,0,33.3,-0.333,-0.416,0.388,-9.99,9.99,5
BTCUSDT,3,none,small,2R,24,5,19,0,20.8,-0.375,-0.458,0.496,-10.99,11.49,9
BTCUSDT,3,none,small,3R,24,4,20,0,16.7,-0.333,-0.416,0.605,-9.99,9.99,8
BTCUSDT,4,none,small,1R,22,12,10,0,54.5,0.091,0.01,0.423,0.22,4.36,4
BTCUSDT,4,none,small,2R,22,8,14,0,36.4,0.091,0.01,0.609,0.21,5.4,5
BTCUSDT,4,none,small,3R,22,7,15,0,31.8,0.273,0.191,0.782,4.21,5.4,5
BTCUSDT,5,none,small,1R,18,9,9,0,50.0,0.0,-0.078,0.462,-1.4,4.18,3
BTCUSDT,5,none,small,2R,18,7,11,0,38.9,0.167,0.089,0.679,1.6,3.87,3
BTCUSDT,5,none,small,3R,18,6,12,0,33.3,0.333,0.255,0.874,4.59,5.88,5
EURUSD,1-5,none,small,1R,76,48,28,0,63.2,0.263,0.174,0.217,13.24,8.46,7
EURUSD,1-5,none,small,2R,76,33,43,0,43.4,0.303,0.214,0.332,16.24,13.77,8
EURUSD,1-5,none,small,3R,76,28,48,0,36.8,0.474,0.385,0.431,29.24,10.31,8
EURUSD,1-4,none,small,1R,62,39,23,0,62.9,0.258,0.174,0.242,10.77,8.46,7
EURUSD,1-4,none,small,2R,62,25,37,0,40.3,0.21,0.125,0.366,7.77,13.77,8
EURUSD,1-4,none,small,3R,62,21,41,0,33.9,0.355,0.271,0.471,16.77,10.31,8
EURUSD,1,none,small,1R,14,10,4,0,71.4,0.429,0.362,0.471,5.07,2.16,2
EURUSD,1,none,small,2R,14,7,7,0,50.0,0.5,0.433,0.778,6.07,2.12,2
EURUSD,1,none,small,3R,14,7,7,0,50.0,1.0,0.933,1.04,13.07,2.12,2
EURUSD,2,none,small,1R,20,13,7,0,65.0,0.3,0.228,0.424,4.56,2.29,2
EURUSD,2,none,small,2R,20,7,13,0,35.0,0.05,-0.022,0.633,-0.44,6.8,4
EURUSD,2,none,small,3R,20,5,15,0,25.0,0.0,-0.072,0.763,-1.44,5.17,5
EURUSD,3,none,small,1R,16,8,8,0,50.0,0.0,-0.115,0.497,-1.83,7.72,7
EURUSD,3,none,small,2R,16,6,10,0,37.5,0.125,0.01,0.717,0.17,8.87,8
EURUSD,3,none,small,3R,16,5,11,0,31.2,0.25,0.136,0.918,2.17,8.87,8
EURUSD,4,none,small,1R,12,8,4,0,66.7,0.333,0.248,0.521,2.98,2.58,2
EURUSD,4,none,small,2R,12,5,7,0,41.7,0.25,0.165,0.824,1.98,4.47,4
EURUSD,4,none,small,3R,12,4,8,0,33.3,0.333,0.248,1.048,2.98,4.5,4
EURUSD,5,none,small,1R,14,9,5,0,64.3,0.286,0.176,0.485,2.46,2.35,2
EURUSD,5,none,small,2R,14,8,6,0,57.1,0.714,0.605,0.754,8.46,2.12,2
EURUSD,5,none,small,3R,14,7,7,0,50.0,1.0,0.89,1.019,12.46,2.12,2
XAUUSD,1-5,none,small,1R,77,38,39,0,49.4,-0.017,-0.066,0.224,-5.06,9.82,4
XAUUSD,1-5,none,small,2R,77,17,60,0,22.1,-0.35,-0.399,0.28,-30.75,33.65,16
XAUUSD,1-5,none,small,3R,77,11,66,0,14.3,-0.441,-0.49,0.313,-37.75,39.68,16
XAUUSD,1-4,none,small,1R,63,30,33,0,47.6,-0.052,-0.106,0.247,-6.68,8.34,4
XAUUSD,1-4,none,small,2R,63,14,49,0,22.2,-0.349,-0.403,0.31,-25.37,26.3,16
XAUUSD,1-4,none,small,3R,63,10,53,0,15.9,-0.381,-0.434,0.362,-27.37,29.3,16
XAUUSD,1,none,small,1R,20,7,13,0,35.0,-0.3,-0.352,0.415,-7.04,7.8,4
XAUUSD,1,none,small,2R,20,5,15,0,25.0,-0.25,-0.302,0.572,-6.04,6.97,4
XAUUSD,1,none,small,3R,20,3,17,0,15.0,-0.4,-0.452,0.628,-9.04,10.98,6
XAUUSD,2,none,small,1R,25,14,11,0,56.0,0.108,0.052,0.39,1.29,3.17,3
XAUUSD,2,none,small,2R,25,5,20,0,20.0,-0.439,-0.496,0.474,-12.39,17.83,16
XAUUSD,2,none,small,3R,25,5,20,0,20.0,-0.239,-0.296,0.631,-7.39,17.83,16
XAUUSD,3,none,small,1R,10,5,5,0,50.0,0.0,-0.04,0.626,-0.4,2.34,2
XAUUSD,3,none,small,2R,10,3,7,0,30.0,-0.1,-0.14,0.855,-1.4,6.26,6
XAUUSD,3,none,small,3R,10,1,9,0,10.0,-0.6,-0.64,0.745,-6.4,8.33,8
XAUUSD,4,none,small,1R,8,4,4,0,50.0,0.0,-0.066,0.694,-0.53,2.24,2
XAUUSD,4,none,small,2R,8,1,7,0,12.5,-0.625,-0.691,0.694,-5.53,5.53,4
XAUUSD,4,none,small,3R,8,1,7,0,12.5,-0.5,-0.566,0.923,-4.53,4.53,4
XAUUSD,5,none,small,1R,14,8,6,0,57.1,0.143,0.116,0.521,1.62,3.14,3
XAUUSD,5,none,small,2R,14,3,11,0,21.4,-0.357,-0.384,0.647,-5.38,7.35,7
XAUUSD,5,none,small,3R,14,1,13,0,7.1,-0.714,-0.741,0.541,-10.38,10.38,9
ALL,1-5,none,small,1R,256,137,119,0,53.5,0.069,0.001,0.123,0.27,17.1,6
ALL,1-5,none,small,2R,256,80,176,0,31.2,-0.066,-0.134,0.17,-34.42,48.34,11
ALL,1-5,none,small,3R,256,63,193,0,24.6,-0.019,-0.088,0.211,-22.42,43.26,16
ALL,1-4,none,small,1R,210,111,99,0,52.9,0.056,-0.011,0.136,-2.41,17.1,6
ALL,1-4,none,small,2R,210,62,148,0,29.5,-0.119,-0.186,0.186,-39.1,48.2,11
ALL,1-4,none,small,3R,210,49,161,0,23.3,-0.071,-0.139,0.229,-29.09,43.26,16
ALL,1,none,small,1R,61,33,28,0,54.1,0.082,0.035,0.25,2.12,7.58,4
ALL,1,none,small,2R,61,19,42,0,31.1,-0.066,-0.113,0.348,-6.88,15.08,11
ALL,1,none,small,3R,61,14,47,0,23.0,-0.082,-0.129,0.421,-7.87,17.22,11
ALL,2,none,small,1R,57,33,24,0,57.9,0.153,0.088,0.257,5.02,4.76,3
ALL,2,none,small,2R,57,15,42,0,26.3,-0.228,-0.292,0.345,-16.66,22.23,11
ALL,2,none,small,3R,57,13,44,0,22.8,-0.105,-0.17,0.437,-9.66,18.71,11
ALL,3,none,small,1R,50,21,29,0,42.0,-0.16,-0.244,0.279,-12.22,12.22,6
ALL,3,none,small,2R,50,14,36,0,28.0,-0.16,-0.244,0.377,-12.22,13.89,7
ALL,3,none,small,3R,50,10,40,0,20.0,-0.2,-0.284,0.447,-14.22,14.22,7
ALL,4,none,small,1R,42,24,18,0,57.1,0.143,0.064,0.3,2.67,4.47,3
ALL,4,none,small,2R,42,14,28,0,33.3,0.0,-0.079,0.428,-3.33,9.83,5
ALL,4,none,small,3R,42,12,30,0,28.6,0.143,0.063,0.545,2.67,9.77,5
ALL,5,none,small,1R,46,26,20,0,56.5,0.13,0.058,0.284,2.68,4.44,4
ALL,5,none,small,2R,46,18,28,0,39.1,0.174,0.102,0.418,4.68,7.59,7
ALL,5,none,small,3R,46,14,32,0,30.4,0.217,0.145,0.524,6.68,8.67,8
