measure,group,from,to,trades,1R_win_pct,1R_avg_net,trades,2R_win_pct,2R_avg_net,trades,3R_win_pct,3R_avg_net,years_1_3_trades,years_1_3_2R_net,years_4_5_trades,years_4_5_2R_net
RSI at point 2 toward the trade,1,22.8,35.1,175,57.1,0.0588,175,42.9,0.2017,175,35.4,0.3331,117,0.0464,58,0.5149
RSI at point 2 toward the trade,2,35.1,38.4,176,58.9,0.0864,176,41.7,0.1607,176,30.3,0.1195,98,0.0504,78,0.301
RSI at point 2 toward the trade,3,38.4,45.6,176,48.0,-0.1538,176,33.7,-0.1023,176,28.0,0.0062,100,-0.3015,76,0.1632
RSI difference between points,1,0.0,1.2,175,52.6,-0.0522,175,37.7,0.0278,175,30.9,0.1307,106,-0.1966,69,0.3726
RSI difference between points,2,1.2,3.0,176,57.1,0.0482,176,42.3,0.1739,176,35.4,0.3213,101,-0.0253,75,0.4458
RSI difference between points,3,3.0,13.4,176,54.3,-0.0046,176,38.3,0.0583,176,27.4,0.0068,108,0.0335,68,0.0983
Distance between points (candles),1,5,7,175,56.6,0.0322,175,41.1,0.1351,175,32.0,0.1796,104,0.0244,71,0.2973
Distance between points (candles),2,7,12,176,50.9,-0.0795,176,37.7,0.0348,176,31.4,0.1605,110,-0.1038,66,0.2693
Distance between points (candles),3,12,40,176,56.6,0.0387,176,39.4,0.0901,176,30.3,0.1187,101,-0.1079,75,0.3604
