idea,variant,description,symbol,years,target,trades,open,win_pct,breakeven_pct,loss_pct,avg_R_gross,avg_R_net,ci95_net,total_R_net,max_drawdown_R,longest_losing_streak
base,base,Current setup,BTCUSDT,1-5,1R,213,0,56.3,0.0,43.7,0.1268,0.0192,0.1335,4.08,19.67,7
base,base,Current setup,BTCUSDT,1-5,2R,213,0,41.8,0.0,58.2,0.2535,0.1459,0.199,31.08,15.83,8
base,base,Current setup,BTCUSDT,1-5,3R,213,0,34.3,0.0,65.7,0.3709,0.2632,0.2545,56.07,17.05,15
base,base,Current setup,BTCUSDT,1-3,1R,124,0,55.6,0.0,44.4,0.1129,0.013,0.1762,1.62,14.56,5
base,base,Current setup,BTCUSDT,1-3,2R,124,0,39.5,0.0,60.5,0.1855,0.0856,0.2591,10.61,14.05,8
base,base,Current setup,BTCUSDT,1-3,3R,124,0,33.1,0.0,66.9,0.3226,0.2226,0.3316,27.61,17.05,15
base,base,Current setup,BTCUSDT,4-5,1R,89,0,57.3,0.0,42.7,0.1461,0.0277,0.2045,2.47,13.88,7
base,base,Current setup,BTCUSDT,4-5,2R,89,0,44.9,0.0,55.1,0.3483,0.23,0.3098,20.47,15.83,8
base,base,Current setup,BTCUSDT,4-5,3R,89,0,36.0,0.0,64.0,0.4382,0.3198,0.3966,28.46,16.4,8
base,base,Current setup,EURUSD,1-5,1R,193,0,53.4,0.0,46.6,0.0655,-0.0411,0.141,-7.92,24.85,7
base,base,Current setup,EURUSD,1-5,2R,193,0,36.8,0.0,63.2,0.1017,-0.0048,0.2041,-0.92,44.36,17
base,base,Current setup,EURUSD,1-5,3R,193,0,28.0,0.0,72.0,0.1162,0.0097,0.2533,1.87,45.64,16
base,base,Current setup,EURUSD,1-3,1R,108,0,46.3,0.0,53.7,-0.0767,-0.177,0.1878,-19.11,22.48,7
base,base,Current setup,EURUSD,1-3,2R,108,0,25.9,0.0,74.1,-0.2248,-0.3251,0.2486,-35.11,44.36,17
base,base,Current setup,EURUSD,1-3,3R,108,0,18.5,0.0,81.5,-0.2618,-0.3622,0.2926,-39.11,45.64,16
base,base,Current setup,EURUSD,4-5,1R,85,0,62.4,0.0,37.6,0.246,0.1316,0.2079,11.19,10.23,7
base,base,Current setup,EURUSD,4-5,2R,85,0,50.6,0.0,49.4,0.5166,0.4022,0.319,34.19,12.29,9
base,base,Current setup,EURUSD,4-5,3R,85,0,40.0,0.0,60.0,0.5966,0.4822,0.4178,40.99,14.47,9
base,base,Current setup,XAUUSD,1-5,1R,121,2,53.8,0.0,46.2,0.0756,0.0197,0.1823,2.34,16.18,9
base,base,Current setup,XAUUSD,1-5,2R,121,2,39.5,0.0,60.5,0.1849,0.129,0.2658,15.35,25.74,12
base,base,Current setup,XAUUSD,1-5,3R,121,2,31.1,0.0,68.9,0.2437,0.1878,0.3346,22.34,25.74,12
base,base,Current setup,XAUUSD,1-3,1R,83,0,54.2,0.0,45.8,0.0843,0.0208,0.2194,1.72,13.46,4
base,base,Current setup,XAUUSD,1-3,2R,83,0,37.3,0.0,62.7,0.1205,0.0569,0.3157,4.72,24.34,12
base,base,Current setup,XAUUSD,1-3,3R,83,0,28.9,0.0,71.1,0.1566,0.0931,0.393,7.72,22.34,12
base,base,Current setup,XAUUSD,4-5,1R,38,2,52.8,0.0,47.2,0.0556,0.0173,0.3272,0.62,9.42,9
base,base,Current setup,XAUUSD,4-5,2R,38,2,44.4,0.0,55.6,0.3333,0.295,0.4881,10.62,10.45,10
base,base,Current setup,XAUUSD,4-5,3R,38,2,36.1,0.0,63.9,0.4444,0.4061,0.6287,14.62,11.82,10
base,base,Current setup,ALL,1-5,1R,527,2,54.7,0.0,45.3,0.0926,-0.0028,0.0856,-1.5,39.6,8
base,base,Current setup,ALL,1-5,2R,527,2,39.4,0.0,60.6,0.1822,0.0867,0.1258,45.5,64.93,15
base,base,Current setup,ALL,1-5,3R,527,2,31.2,0.0,68.8,0.2484,0.1529,0.1587,80.29,48.06,14
base,base,Current setup,ALL,1-3,1R,315,0,52.1,0.0,47.9,0.0404,-0.0501,0.1114,-15.78,32.95,7
base,base,Current setup,ALL,1-3,2R,315,0,34.3,0.0,65.7,0.0277,-0.0628,0.1582,-19.78,64.93,15
base,base,Current setup,ALL,1-3,3R,315,0,27.0,0.0,73.0,0.0785,-0.012,0.1966,-3.78,48.06,14
base,base,Current setup,ALL,4-5,1R,212,2,58.6,0.0,41.4,0.171,0.068,0.1334,14.28,20.79,8
base,base,Current setup,ALL,4-5,2R,212,2,47.1,0.0,52.9,0.4139,0.3109,0.2026,65.28,20.81,11
base,base,Current setup,ALL,4-5,3R,212,2,37.6,0.0,62.4,0.5034,0.4003,0.2618,84.07,26.02,11
1 manage,half1,"Half at 1R, stop to entry",BTCUSDT,1-5,2R,213,0,56.3,0.0,43.7,0.1549,0.0473,0.1467,10.08,16.05,7
1 manage,half1,"Half at 1R, stop to entry",BTCUSDT,1-5,3R,213,0,56.3,0.0,43.7,0.1972,0.0896,0.1613,19.08,15.38,7
1 manage,half1,"Half at 1R, stop to entry",BTCUSDT,1-3,2R,124,0,55.6,0.0,44.4,0.125,0.0251,0.1907,3.11,13.53,5
1 manage,half1,"Half at 1R, stop to entry",BTCUSDT,1-3,3R,124,0,55.6,0.0,44.4,0.1734,0.0735,0.2103,9.11,12.75,5
1 manage,half1,"Half at 1R, stop to entry",BTCUSDT,4-5,2R,89,0,57.3,0.0,42.7,0.1966,0.0783,0.2294,6.97,14.76,7
1 manage,half1,"Half at 1R, stop to entry",BTCUSDT,4-5,3R,89,0,57.3,0.0,42.7,0.2303,0.112,0.2512,9.96,15.38,7
1 manage,half1,"Half at 1R, stop to entry",EURUSD,1-5,2R,193,0,53.4,0.0,46.6,0.0473,-0.0592,0.1484,-11.42,32.57,7
1 manage,half1,"Half at 1R, stop to entry",EURUSD,1-5,3R,193,0,53.4,0.0,46.6,0.0473,-0.0592,0.1566,-11.42,34.35,7
1 manage,half1,"Half at 1R, stop to entry",EURUSD,1-3,2R,108,0,46.3,0.0,53.7,-0.1415,-0.2418,0.1864,-26.11,30.98,7
1 manage,half1,"Half at 1R, stop to entry",EURUSD,1-3,3R,108,0,46.3,0.0,53.7,-0.1693,-0.2696,0.1868,-29.11,32.98,7
1 manage,half1,"Half at 1R, stop to entry",EURUSD,4-5,2R,85,0,62.4,0.0,37.6,0.2872,0.1728,0.2303,14.69,12.11,7
1 manage,half1,"Half at 1R, stop to entry",EURUSD,4-5,3R,85,0,62.4,0.0,37.6,0.3225,0.2081,0.2536,17.69,10.11,7
1 manage,half1,"Half at 1R, stop to entry",XAUUSD,1-5,2R,121,2,53.8,0.0,46.2,0.0754,0.0195,0.1937,2.32,19.68,9
1 manage,half1,"Half at 1R, stop to entry",XAUUSD,1-5,3R,121,2,53.8,0.0,46.2,0.0455,-0.0104,0.1989,-1.24,21.3,9
1 manage,half1,"Half at 1R, stop to entry",XAUUSD,1-3,2R,83,0,54.2,0.0,45.8,0.0542,-0.0094,0.2273,-0.78,16.16,4
1 manage,half1,"Half at 1R, stop to entry",XAUUSD,1-3,3R,83,0,54.2,0.0,45.8,0.0114,-0.0522,0.2289,-4.33,17.28,4
1 manage,half1,"Half at 1R, stop to entry",XAUUSD,4-5,2R,38,2,52.8,0.0,47.2,0.1242,0.0859,0.3667,3.09,9.42,9
1 manage,half1,"Half at 1R, stop to entry",XAUUSD,4-5,3R,38,2,52.8,0.0,47.2,0.1242,0.0859,0.3902,3.09,9.42,9
1 manage,half1,"Half at 1R, stop to entry",ALL,1-5,2R,527,2,54.7,0.0,45.3,0.0973,0.0019,0.092,0.97,43.97,8
1 manage,half1,"Half at 1R, stop to entry",ALL,1-5,3R,527,2,54.7,0.0,45.3,0.1077,0.0122,0.0983,6.42,41.92,8
1 manage,half1,"Half at 1R, stop to entry",ALL,1-3,2R,315,0,52.1,0.0,47.9,0.015,-0.0755,0.1161,-23.78,40.06,7
1 manage,half1,"Half at 1R, stop to entry",ALL,1-3,3R,315,0,52.1,0.0,47.9,0.0132,-0.0772,0.1219,-24.33,38.93,7
1 manage,half1,"Half at 1R, stop to entry",ALL,4-5,2R,212,2,58.6,0.0,41.4,0.2209,0.1179,0.1488,24.75,24.97,8
1 manage,half1,"Half at 1R, stop to entry",ALL,4-5,3R,212,2,58.6,0.0,41.4,0.2495,0.1464,0.1625,30.75,24.47,8
1 manage,be05,Stop to entry at +0.5R,BTCUSDT,1-5,1R,213,0,34.7,31.0,34.3,0.0047,-0.1029,0.1116,-21.92,25.87,5
1 manage,be05,Stop to entry at +0.5R,BTCUSDT,1-5,2R,213,0,20.7,45.1,34.3,0.0704,-0.0372,0.1467,-7.92,20.18,5
1 manage,be05,Stop to entry at +0.5R,BTCUSDT,1-5,3R,213,0,15.5,50.2,34.3,0.1221,0.0144,0.178,3.07,20.18,5
1 manage,be05,Stop to entry at +0.5R,BTCUSDT,1-3,1R,124,0,29.8,37.1,33.1,-0.0323,-0.1322,0.1399,-16.39,19.72,5
1 manage,be05,Stop to entry at +0.5R,BTCUSDT,1-3,2R,124,0,18.5,48.4,33.1,0.0403,-0.0596,0.1846,-7.39,15.25,5
1 manage,be05,Stop to entry at +0.5R,BTCUSDT,1-3,3R,124,0,14.5,52.4,33.1,0.1048,0.0049,0.2268,0.6,18.25,5
1 manage,be05,Stop to entry at +0.5R,BTCUSDT,4-5,1R,89,0,41.6,22.5,36.0,0.0562,-0.0621,0.1823,-5.53,11.01,5
1 manage,be05,Stop to entry at +0.5R,BTCUSDT,4-5,2R,89,0,23.6,40.4,36.0,0.1124,-0.006,0.2388,-0.53,15.25,5
1 manage,be05,Stop to entry at +0.5R,BTCUSDT,4-5,3R,89,0,16.9,47.2,36.0,0.1461,0.0277,0.2858,2.47,14.25,5
1 manage,be05,Stop to entry at +0.5R,EURUSD,1-5,1R,193,0,38.3,29.0,32.6,0.0551,-0.0514,0.1196,-9.92,23.08,5
1 manage,be05,Stop to entry at +0.5R,EURUSD,1-5,2R,193,0,19.2,48.2,32.6,0.0551,-0.0514,0.1487,-9.92,26.85,5
1 manage,be05,Stop to entry at +0.5R,EURUSD,1-5,3R,193,0,13.0,54.4,32.6,0.0603,-0.0462,0.1734,-8.92,32.85,5
1 manage,be05,Stop to entry at +0.5R,EURUSD,1-3,1R,108,0,35.2,26.9,38.0,-0.0304,-0.1307,0.1623,-14.11,16.54,3
1 manage,be05,Stop to entry at +0.5R,EURUSD,1-3,2R,108,0,13.0,49.1,38.0,-0.123,-0.2233,0.1797,-24.11,26.85,3
1 manage,be05,Stop to entry at +0.5R,EURUSD,1-3,3R,108,0,7.4,54.6,38.0,-0.16,-0.2603,0.1929,-28.11,32.85,3
1 manage,be05,Stop to entry at +0.5R,EURUSD,4-5,1R,85,0,42.4,31.8,25.9,0.1637,0.0493,0.1745,4.19,14.17,5
1 manage,be05,Stop to entry at +0.5R,EURUSD,4-5,2R,85,0,27.1,47.1,25.9,0.2813,0.167,0.2408,14.19,17.35,5
1 manage,be05,Stop to entry at +0.5R,EURUSD,4-5,3R,85,0,20.0,54.1,25.9,0.3402,0.2258,0.2982,19.19,14.89,5
1 manage,be05,Stop to entry at +0.5R,XAUUSD,1-5,1R,121,2,31.9,40.3,27.7,0.042,-0.0139,0.1427,-1.66,16.25,4
1 manage,be05,Stop to entry at +0.5R,XAUUSD,1-5,2R,121,2,16.8,54.6,28.6,0.0584,0.0024,0.1777,0.29,16.31,4
1 manage,be05,Stop to entry at +0.5R,XAUUSD,1-5,3R,121,2,9.2,61.3,29.4,-0.0014,-0.0573,0.1919,-6.82,21.0,4
1 manage,be05,Stop to entry at +0.5R,XAUUSD,1-3,1R,83,0,33.7,37.3,28.9,0.0482,-0.0154,0.1765,-1.28,13.58,3
1 manage,be05,Stop to entry at +0.5R,XAUUSD,1-3,2R,83,0,15.7,55.4,28.9,0.0241,-0.0395,0.2106,-3.28,15.86,3
1 manage,be05,Stop to entry at +0.5R,XAUUSD,1-3,3R,83,0,7.2,62.7,30.1,-0.0736,-0.1372,0.2125,-11.39,19.56,3
1 manage,be05,Stop to entry at +0.5R,XAUUSD,4-5,1R,38,2,27.8,47.2,25.0,0.0278,-0.0105,0.2386,-0.38,6.86,4
1 manage,be05,Stop to entry at +0.5R,XAUUSD,4-5,2R,38,2,19.4,52.8,27.8,0.1373,0.099,0.3287,3.57,6.89,4
1 manage,be05,Stop to entry at +0.5R,XAUUSD,4-5,3R,38,2,13.9,58.3,27.8,0.1651,0.1268,0.3964,4.57,6.89,4
1 manage,be05,Stop to entry at +0.5R,ALL,1-5,1R,527,2,35.4,32.4,32.2,0.0317,-0.0638,0.071,-33.5,55.14,6
1 manage,be05,Stop to entry at +0.5R,ALL,1-5,2R,527,2,19.2,48.4,32.4,0.0621,-0.0334,0.0903,-17.56,48.61,6
1 manage,be05,Stop to entry at +0.5R,ALL,1-5,3R,527,2,13.1,54.3,32.6,0.0714,-0.0241,0.1057,-12.67,50.18,5
1 manage,be05,Stop to entry at +0.5R,ALL,1-3,1R,315,0,32.7,33.7,33.7,-0.0104,-0.1009,0.0912,-31.78,38.49,6
1 manage,be05,Stop to entry at +0.5R,ALL,1-3,2R,315,0,15.9,50.5,33.7,-0.0199,-0.1104,0.1106,-34.78,41.95,6
1 manage,be05,Stop to entry at +0.5R,ALL,1-3,3R,315,0,10.2,55.9,34.0,-0.033,-0.1235,0.1251,-38.89,50.18,5
1 manage,be05,Stop to entry at +0.5R,ALL,4-5,1R,212,2,39.5,30.5,30.0,0.0948,-0.0082,0.1126,-1.72,25.84,5
1 manage,be05,Stop to entry at +0.5R,ALL,4-5,2R,212,2,24.3,45.2,30.5,0.185,0.082,0.1518,17.23,31.55,5
1 manage,be05,Stop to entry at +0.5R,ALL,4-5,3R,212,2,17.6,51.9,30.5,0.2279,0.1249,0.1844,26.22,29.47,5
2 buffer,buf0.25,Stop + 0.25 ATR,BTCUSDT,1-5,1R,213,0,56.3,0.0,43.7,0.1268,0.0526,0.1337,11.2,16.2,8
2 buffer,buf0.25,Stop + 0.25 ATR,BTCUSDT,1-5,2R,213,0,42.7,0.0,57.3,0.2817,0.2074,0.1997,44.18,18.2,17
2 buffer,buf0.25,Stop + 0.25 ATR,BTCUSDT,1-5,3R,213,0,32.9,0.0,67.1,0.3146,0.2402,0.2526,51.17,21.85,19
2 buffer,buf0.25,Stop + 0.25 ATR,BTCUSDT,1-3,1R,124,0,58.9,0.0,41.1,0.1774,0.1073,0.1738,13.31,10.85,5
2 buffer,buf0.25,Stop + 0.25 ATR,BTCUSDT,1-3,2R,124,0,41.9,0.0,58.1,0.2581,0.1879,0.2611,23.29,11.33,10
2 buffer,buf0.25,Stop + 0.25 ATR,BTCUSDT,1-3,3R,124,0,32.3,0.0,67.7,0.2903,0.2201,0.3294,27.29,18.57,13
2 buffer,buf0.25,Stop + 0.25 ATR,BTCUSDT,4-5,1R,89,0,52.8,0.0,47.2,0.0562,-0.0237,0.2082,-2.11,16.2,8
2 buffer,buf0.25,Stop + 0.25 ATR,BTCUSDT,4-5,2R,89,0,43.8,0.0,56.2,0.3146,0.2347,0.31,20.88,18.2,17
2 buffer,buf0.25,Stop + 0.25 ATR,BTCUSDT,4-5,3R,89,0,33.7,0.0,66.3,0.3483,0.2683,0.3934,23.88,21.85,19
2 buffer,buf0.25,Stop + 0.25 ATR,EURUSD,1-5,1R,193,0,54.4,0.0,45.6,0.0846,0.0113,0.1413,2.18,26.09,9
2 buffer,buf0.25,Stop + 0.25 ATR,EURUSD,1-5,2R,193,0,36.3,0.0,63.7,0.0846,0.0113,0.2038,2.18,33.18,15
2 buffer,buf0.25,Stop + 0.25 ATR,EURUSD,1-5,3R,193,0,23.8,0.0,76.2,-0.0501,-0.1234,0.2405,-23.82,42.6,16
2 buffer,buf0.25,Stop + 0.25 ATR,EURUSD,1-3,1R,108,0,45.4,0.0,54.6,-0.0988,-0.1656,0.19,-17.89,24.17,9
2 buffer,buf0.25,Stop + 0.25 ATR,EURUSD,1-3,2R,108,0,28.7,0.0,71.3,-0.1451,-0.212,0.2571,-22.89,33.15,15
2 buffer,buf0.25,Stop + 0.25 ATR,EURUSD,1-3,3R,108,0,19.4,0.0,80.6,-0.2284,-0.2953,0.2991,-31.89,39.02,15
2 buffer,buf0.25,Stop + 0.25 ATR,EURUSD,4-5,1R,85,0,65.9,0.0,34.1,0.3176,0.2361,0.2014,20.07,7.93,5
2 buffer,buf0.25,Stop + 0.25 ATR,EURUSD,4-5,2R,85,0,45.9,0.0,54.1,0.3765,0.295,0.3177,25.07,15.63,10
2 buffer,buf0.25,Stop + 0.25 ATR,EURUSD,4-5,3R,85,0,29.4,0.0,70.6,0.1765,0.095,0.3872,8.07,21.01,16
2 buffer,buf0.25,Stop + 0.25 ATR,XAUUSD,1-5,1R,122,2,48.3,0.0,51.7,-0.0333,-0.0739,0.181,-8.86,23.71,12
2 buffer,buf0.25,Stop + 0.25 ATR,XAUUSD,1-5,2R,122,2,35.8,0.0,64.2,0.075,0.0345,0.2588,4.14,28.44,12
2 buffer,buf0.25,Stop + 0.25 ATR,XAUUSD,1-5,3R,122,2,25.8,0.0,74.2,0.0333,-0.0072,0.315,-0.86,37.71,14
2 buffer,buf0.25,Stop + 0.25 ATR,XAUUSD,1-3,1R,83,0,48.2,0.0,51.8,-0.0361,-0.0751,0.2167,-6.24,19.8,12
2 buffer,buf0.25,Stop + 0.25 ATR,XAUUSD,1-3,2R,83,0,33.7,0.0,66.3,0.012,-0.0269,0.3058,-2.24,21.9,12
2 buffer,buf0.25,Stop + 0.25 ATR,XAUUSD,1-3,3R,83,0,24.1,0.0,75.9,-0.0361,-0.0751,0.3692,-6.23,26.4,14
2 buffer,buf0.25,Stop + 0.25 ATR,XAUUSD,4-5,1R,39,2,48.6,0.0,51.4,-0.027,-0.071,0.3289,-2.63,9.27,9
2 buffer,buf0.25,Stop + 0.25 ATR,XAUUSD,4-5,2R,39,2,40.5,0.0,59.5,0.2162,0.1722,0.4805,6.37,10.3,10
2 buffer,buf0.25,Stop + 0.25 ATR,XAUUSD,4-5,3R,39,2,29.7,0.0,70.3,0.1892,0.1452,0.595,5.37,14.29,10
2 buffer,buf0.25,Stop + 0.25 ATR,ALL,1-5,1R,528,2,53.8,0.0,46.2,0.0748,0.0086,0.0857,4.51,37.68,8
2 buffer,buf0.25,Stop + 0.25 ATR,ALL,1-5,2R,528,2,38.8,0.0,61.2,0.1622,0.096,0.1252,50.5,39.04,12
2 buffer,buf0.25,Stop + 0.25 ATR,ALL,1-5,3R,528,2,27.9,0.0,72.1,0.1166,0.0504,0.1537,26.49,46.45,18
2 buffer,buf0.25,Stop + 0.25 ATR,ALL,1-3,1R,315,0,51.4,0.0,48.6,0.0264,-0.0343,0.1112,-10.82,32.36,8
2 buffer,buf0.25,Stop + 0.25 ATR,ALL,1-3,2R,315,0,35.2,0.0,64.8,0.055,-0.0058,0.1587,-1.83,38.42,11
2 buffer,buf0.25,Stop + 0.25 ATR,ALL,1-3,3R,315,0,25.7,0.0,74.3,0.0264,-0.0344,0.1934,-10.83,36.96,18
2 buffer,buf0.25,Stop + 0.25 ATR,ALL,4-5,1R,213,2,57.3,0.0,42.7,0.1469,0.0727,0.134,15.33,15.32,8
2 buffer,buf0.25,Stop + 0.25 ATR,ALL,4-5,2R,213,2,44.1,0.0,55.9,0.3223,0.248,0.2015,52.33,27.56,12
2 buffer,buf0.25,Stop + 0.25 ATR,ALL,4-5,3R,213,2,31.3,0.0,68.7,0.2512,0.1769,0.2507,37.32,36.6,17
2 buffer,buf0.5,Stop + 0.5 ATR,BTCUSDT,1-5,1R,213,0,55.4,0.0,44.6,0.108,0.0491,0.1339,10.45,19.14,17
2 buffer,buf0.5,Stop + 0.5 ATR,BTCUSDT,1-5,2R,213,0,39.9,0.0,60.1,0.1972,0.1382,0.1976,29.43,20.37,17
2 buffer,buf0.5,Stop + 0.5 ATR,BTCUSDT,1-5,3R,213,0,30.5,0.0,69.5,0.2207,0.1616,0.2474,34.43,23.36,20
2 buffer,buf0.5,Stop + 0.5 ATR,BTCUSDT,1-3,1R,124,0,58.1,0.0,41.9,0.1613,0.1052,0.1741,13.04,10.67,8
2 buffer,buf0.5,Stop + 0.5 ATR,BTCUSDT,1-3,2R,124,0,40.3,0.0,59.7,0.2097,0.1535,0.2594,19.04,14.04,12
2 buffer,buf0.5,Stop + 0.5 ATR,BTCUSDT,1-3,3R,124,0,29.8,0.0,70.2,0.1935,0.1374,0.3222,17.04,23.08,12
2 buffer,buf0.5,Stop + 0.5 ATR,BTCUSDT,4-5,1R,89,0,51.7,0.0,48.3,0.0337,-0.0292,0.2082,-2.59,19.14,17
2 buffer,buf0.5,Stop + 0.5 ATR,BTCUSDT,4-5,2R,89,0,39.3,0.0,60.7,0.1798,0.1168,0.3048,10.39,20.37,17
2 buffer,buf0.5,Stop + 0.5 ATR,BTCUSDT,4-5,3R,89,0,31.5,0.0,68.5,0.2584,0.1954,0.3859,17.39,23.36,20
2 buffer,buf0.5,Stop + 0.5 ATR,EURUSD,1-5,1R,193,0,50.8,0.0,49.2,0.0145,-0.0438,0.1414,-8.45,34.82,8
2 buffer,buf0.5,Stop + 0.5 ATR,EURUSD,1-5,2R,193,0,35.2,0.0,64.8,0.0559,-0.0024,0.2024,-0.45,32.05,14
2 buffer,buf0.5,Stop + 0.5 ATR,EURUSD,1-5,3R,193,0,21.8,0.0,78.2,-0.1306,-0.1889,0.2332,-36.45,51.06,20
2 buffer,buf0.5,Stop + 0.5 ATR,EURUSD,1-3,1R,108,0,39.8,0.0,60.2,-0.2056,-0.2588,0.186,-27.95,33.11,8
2 buffer,buf0.5,Stop + 0.5 ATR,EURUSD,1-3,2R,108,0,28.7,0.0,71.3,-0.1408,-0.1939,0.2567,-20.95,32.05,13
2 buffer,buf0.5,Stop + 0.5 ATR,EURUSD,1-3,3R,108,0,18.5,0.0,81.5,-0.2612,-0.3143,0.2939,-33.95,37.51,13
2 buffer,buf0.5,Stop + 0.5 ATR,EURUSD,4-5,1R,85,0,64.7,0.0,35.3,0.2941,0.2293,0.2029,19.49,6.79,4
2 buffer,buf0.5,Stop + 0.5 ATR,EURUSD,4-5,2R,85,0,43.5,0.0,56.5,0.3059,0.2411,0.3163,20.49,20.81,14
2 buffer,buf0.5,Stop + 0.5 ATR,EURUSD,4-5,3R,85,0,25.9,0.0,74.1,0.0353,-0.0295,0.3725,-2.51,24.59,20
2 buffer,buf0.5,Stop + 0.5 ATR,XAUUSD,1-5,1R,122,2,50.0,0.0,50.0,-0.0069,-0.0357,0.1812,-4.29,23.34,12
2 buffer,buf0.5,Stop + 0.5 ATR,XAUUSD,1-5,2R,122,2,36.7,0.0,63.3,0.0931,0.0643,0.2607,7.71,28.55,12
2 buffer,buf0.5,Stop + 0.5 ATR,XAUUSD,1-5,3R,122,2,28.3,0.0,71.7,0.1265,0.0976,0.3245,11.71,33.58,14
2 buffer,buf0.5,Stop + 0.5 ATR,XAUUSD,1-3,1R,83,0,48.2,0.0,51.8,-0.0461,-0.0765,0.2189,-6.35,17.41,12
2 buffer,buf0.5,Stop + 0.5 ATR,XAUUSD,1-3,2R,83,0,33.7,0.0,66.3,0.0021,-0.0283,0.3078,-2.35,18.87,12
2 buffer,buf0.5,Stop + 0.5 ATR,XAUUSD,1-3,3R,83,0,26.5,0.0,73.5,0.0503,0.0199,0.3825,1.65,23.71,14
2 buffer,buf0.5,Stop + 0.5 ATR,XAUUSD,4-5,1R,39,2,54.1,0.0,45.9,0.0811,0.0557,0.3209,2.06,10.42,10
2 buffer,buf0.5,Stop + 0.5 ATR,XAUUSD,4-5,2R,39,2,43.2,0.0,56.8,0.2973,0.2719,0.4816,10.06,11.66,10
2 buffer,buf0.5,Stop + 0.5 ATR,XAUUSD,4-5,3R,39,2,32.4,0.0,67.6,0.2973,0.2719,0.6058,10.06,14.42,14
2 buffer,buf0.5,Stop + 0.5 ATR,ALL,1-5,1R,528,2,52.5,0.0,47.5,0.0475,-0.0044,0.0857,-2.29,46.06,9
2 buffer,buf0.5,Stop + 0.5 ATR,ALL,1-5,2R,528,2,37.5,0.0,62.5,0.1216,0.0698,0.1244,36.69,40.93,17
2 buffer,buf0.5,Stop + 0.5 ATR,ALL,1-5,3R,528,2,26.8,0.0,73.2,0.0703,0.0184,0.1517,9.69,50.15,22
2 buffer,buf0.5,Stop + 0.5 ATR,ALL,1-3,1R,315,0,49.2,0.0,50.8,-0.0192,-0.0675,0.1113,-21.25,40.98,9
2 buffer,buf0.5,Stop + 0.5 ATR,ALL,1-3,2R,315,0,34.6,0.0,65.4,0.0348,-0.0135,0.1582,-4.25,35.24,17
2 buffer,buf0.5,Stop + 0.5 ATR,ALL,1-3,3R,315,0,25.1,0.0,74.9,-0.0001,-0.0484,0.192,-15.26,32.12,22
2 buffer,buf0.5,Stop + 0.5 ATR,ALL,4-5,1R,213,2,57.3,0.0,42.7,0.1469,0.0898,0.1335,18.96,21.91,7
2 buffer,buf0.5,Stop + 0.5 ATR,ALL,4-5,2R,213,2,41.7,0.0,58.3,0.2512,0.194,0.2,40.94,31.56,16
2 buffer,buf0.5,Stop + 0.5 ATR,ALL,4-5,3R,213,2,29.4,0.0,70.6,0.1754,0.1182,0.2461,24.94,42.92,17
3 quality,rsi40,"RSI at point 2: buy < 40, sell > 60",BTCUSDT,1-5,1R,169,0,57.4,0.0,42.6,0.1479,0.0499,0.1503,8.43,16.04,5
3 quality,rsi40,"RSI at point 2: buy < 40, sell > 60",BTCUSDT,1-5,2R,169,0,43.2,0.0,56.8,0.2959,0.1978,0.225,33.43,16.21,8
3 quality,rsi40,"RSI at point 2: buy < 40, sell > 60",BTCUSDT,1-5,3R,169,0,35.5,0.0,64.5,0.4201,0.3221,0.2888,54.43,15.88,14
3 quality,rsi40,"RSI at point 2: buy < 40, sell > 60",BTCUSDT,1-3,1R,101,0,56.4,0.0,43.6,0.1287,0.0425,0.1947,4.29,13.2,5
3 quality,rsi40,"RSI at point 2: buy < 40, sell > 60",BTCUSDT,1-3,2R,101,0,38.6,0.0,61.4,0.1584,0.0722,0.2873,7.29,15.81,8
3 quality,rsi40,"RSI at point 2: buy < 40, sell > 60",BTCUSDT,1-3,3R,101,0,32.7,0.0,67.3,0.3069,0.2207,0.3681,22.29,15.88,14
3 quality,rsi40,"RSI at point 2: buy < 40, sell > 60",BTCUSDT,4-5,1R,68,0,58.8,0.0,41.2,0.1765,0.0609,0.2363,4.14,10.29,5
3 quality,rsi40,"RSI at point 2: buy < 40, sell > 60",BTCUSDT,4-5,2R,68,0,50.0,0.0,50.0,0.5,0.3845,0.3568,26.14,9.38,6
3 quality,rsi40,"RSI at point 2: buy < 40, sell > 60",BTCUSDT,4-5,3R,68,0,39.7,0.0,60.3,0.5882,0.4726,0.4627,32.14,15.34,8
3 quality,rsi40,"RSI at point 2: buy < 40, sell > 60",EURUSD,1-5,1R,157,0,52.9,0.0,47.1,0.055,-0.045,0.1555,-7.06,19.51,9
3 quality,rsi40,"RSI at point 2: buy < 40, sell > 60",EURUSD,1-5,2R,157,0,35.0,0.0,65.0,0.0486,-0.0513,0.2236,-8.06,37.73,14
3 quality,rsi40,"RSI at point 2: buy < 40, sell > 60",EURUSD,1-5,3R,157,0,25.5,0.0,74.5,0.0155,-0.0845,0.2724,-13.26,40.88,12
3 quality,rsi40,"RSI at point 2: buy < 40, sell > 60",EURUSD,1-3,1R,86,0,47.7,0.0,52.3,-0.0498,-0.1411,0.21,-12.13,16.52,6
3 quality,rsi40,"RSI at point 2: buy < 40, sell > 60",EURUSD,1-3,2R,86,0,26.7,0.0,73.3,-0.2009,-0.2923,0.2823,-25.13,37.73,14
3 quality,rsi40,"RSI at point 2: buy < 40, sell > 60",EURUSD,1-3,3R,86,0,17.4,0.0,82.6,-0.3056,-0.3969,0.3218,-34.13,40.66,12
3 quality,rsi40,"RSI at point 2: buy < 40, sell > 60",EURUSD,4-5,1R,71,0,59.2,0.0,40.8,0.1819,0.0714,0.2284,5.07,10.04,9
3 quality,rsi40,"RSI at point 2: buy < 40, sell > 60",EURUSD,4-5,2R,71,0,45.1,0.0,54.9,0.3509,0.2405,0.345,17.07,13.09,10
3 quality,rsi40,"RSI at point 2: buy < 40, sell > 60",EURUSD,4-5,3R,71,0,35.2,0.0,64.8,0.4044,0.2939,0.4436,20.87,16.32,12
3 quality,rsi40,"RSI at point 2: buy < 40, sell > 60",XAUUSD,1-5,1R,98,2,57.3,0.0,42.7,0.1458,0.0894,0.2018,8.58,9.82,5
3 quality,rsi40,"RSI at point 2: buy < 40, sell > 60",XAUUSD,1-5,2R,98,2,40.6,0.0,59.4,0.2188,0.1623,0.2976,15.58,21.14,8
3 quality,rsi40,"RSI at point 2: buy < 40, sell > 60",XAUUSD,1-5,3R,98,2,31.2,0.0,68.8,0.25,0.1935,0.3734,18.58,23.82,12
3 quality,rsi40,"RSI at point 2: buy < 40, sell > 60",XAUUSD,1-3,1R,72,0,58.3,0.0,41.7,0.1667,0.1014,0.2339,7.3,8.71,4
3 quality,rsi40,"RSI at point 2: buy < 40, sell > 60",XAUUSD,1-3,2R,72,0,38.9,0.0,61.1,0.1667,0.1014,0.3417,7.3,21.14,8
3 quality,rsi40,"RSI at point 2: buy < 40, sell > 60",XAUUSD,1-3,3R,72,0,29.2,0.0,70.8,0.1667,0.1014,0.4231,7.3,18.14,12
3 quality,rsi40,"RSI at point 2: buy < 40, sell > 60",XAUUSD,4-5,1R,26,2,54.2,0.0,45.8,0.0833,0.0534,0.3989,1.28,5.42,5
3 quality,rsi40,"RSI at point 2: buy < 40, sell > 60",XAUUSD,4-5,2R,26,2,45.8,0.0,54.2,0.375,0.3451,0.5991,8.28,6.42,5
3 quality,rsi40,"RSI at point 2: buy < 40, sell > 60",XAUUSD,4-5,3R,26,2,37.5,0.0,62.5,0.5,0.47,0.7771,11.28,9.42,9
3 quality,rsi40,"RSI at point 2: buy < 40, sell > 60",ALL,1-5,1R,424,2,55.7,0.0,44.3,0.1129,0.0236,0.0954,9.95,32.13,8
3 quality,rsi40,"RSI at point 2: buy < 40, sell > 60",ALL,1-5,2R,424,2,39.6,0.0,60.4,0.1863,0.097,0.1405,40.95,59.92,15
3 quality,rsi40,"RSI at point 2: buy < 40, sell > 60",ALL,1-5,3R,424,2,30.8,0.0,69.2,0.2309,0.1416,0.1765,59.75,40.3,16
3 quality,rsi40,"RSI at point 2: buy < 40, sell > 60",ALL,1-3,1R,259,0,54.1,0.0,45.9,0.08,-0.0021,0.1225,-0.54,26.78,7
3 quality,rsi40,"RSI at point 2: buy < 40, sell > 60",ALL,1-3,2R,259,0,34.7,0.0,65.3,0.0414,-0.0407,0.1756,-10.54,59.92,15
3 quality,rsi40,"RSI at point 2: buy < 40, sell > 60",ALL,1-3,3R,259,0,26.6,0.0,73.4,0.0646,-0.0175,0.2167,-4.54,40.3,14
3 quality,rsi40,"RSI at point 2: buy < 40, sell > 60",ALL,4-5,1R,165,2,58.3,0.0,41.7,0.1651,0.0644,0.1519,10.49,15.61,8
3 quality,rsi40,"RSI at point 2: buy < 40, sell > 60",ALL,4-5,2R,165,2,47.2,0.0,52.8,0.4167,0.3159,0.2294,51.5,17.6,10
3 quality,rsi40,"RSI at point 2: buy < 40, sell > 60",ALL,4-5,3R,165,2,37.4,0.0,62.6,0.4952,0.3944,0.2964,64.29,25.76,16
3 quality,rsi35,"RSI at point 2: buy < 35, sell > 65",BTCUSDT,1-5,1R,71,0,64.8,0.0,35.2,0.2958,0.2166,0.2227,15.38,8.86,7
3 quality,rsi35,"RSI at point 2: buy < 35, sell > 65",BTCUSDT,1-5,2R,71,0,49.3,0.0,50.7,0.4789,0.3996,0.3497,28.37,11.88,11
3 quality,rsi35,"RSI at point 2: buy < 35, sell > 65",BTCUSDT,1-5,3R,71,0,42.3,0.0,57.7,0.6901,0.6108,0.4594,43.37,11.88,11
3 quality,rsi35,"RSI at point 2: buy < 35, sell > 65",BTCUSDT,1-3,1R,45,0,62.2,0.0,37.8,0.2444,0.1703,0.2876,7.66,8.86,7
3 quality,rsi35,"RSI at point 2: buy < 35, sell > 65",BTCUSDT,1-3,2R,45,0,44.4,0.0,55.6,0.3333,0.2591,0.4399,11.66,11.88,11
3 quality,rsi35,"RSI at point 2: buy < 35, sell > 65",BTCUSDT,1-3,3R,45,0,40.0,0.0,60.0,0.6,0.5258,0.5757,23.66,11.88,11
3 quality,rsi35,"RSI at point 2: buy < 35, sell > 65",BTCUSDT,4-5,1R,26,0,69.2,0.0,30.8,0.3846,0.2966,0.3472,7.71,2.18,2
3 quality,rsi35,"RSI at point 2: buy < 35, sell > 65",BTCUSDT,4-5,2R,26,0,57.7,0.0,42.3,0.7308,0.6428,0.5644,16.71,4.27,4
3 quality,rsi35,"RSI at point 2: buy < 35, sell > 65",BTCUSDT,4-5,3R,26,0,46.2,0.0,53.8,0.8462,0.758,0.759,19.71,5.63,5
3 quality,rsi35,"RSI at point 2: buy < 35, sell > 65",EURUSD,1-5,1R,65,0,44.6,0.0,55.4,-0.1133,-0.2063,0.2417,-13.41,18.35,5
3 quality,rsi35,"RSI at point 2: buy < 35, sell > 65",EURUSD,1-5,2R,65,0,35.4,0.0,64.6,0.0559,-0.0371,0.3515,-2.41,18.09,10
3 quality,rsi35,"RSI at point 2: buy < 35, sell > 65",EURUSD,1-5,3R,65,0,30.8,0.0,69.2,0.2252,0.1322,0.451,8.59,9.37,6
3 quality,rsi35,"RSI at point 2: buy < 35, sell > 65",EURUSD,1-3,1R,41,0,41.5,0.0,58.5,-0.1775,-0.2658,0.2992,-10.9,13.79,5
3 quality,rsi35,"RSI at point 2: buy < 35, sell > 65",EURUSD,1-3,2R,41,0,29.3,0.0,70.7,-0.1288,-0.217,0.4221,-8.9,17.09,10
3 quality,rsi35,"RSI at point 2: buy < 35, sell > 65",EURUSD,1-3,3R,41,0,26.8,0.0,73.2,0.0664,-0.0219,0.5465,-0.9,9.37,6
3 quality,rsi35,"RSI at point 2: buy < 35, sell > 65",EURUSD,4-5,1R,24,0,50.0,0.0,50.0,-0.0036,-0.1047,0.4058,-2.51,5.4,3
3 quality,rsi35,"RSI at point 2: buy < 35, sell > 65",EURUSD,4-5,2R,24,0,45.8,0.0,54.2,0.3714,0.2703,0.6019,6.49,4.39,4
3 quality,rsi35,"RSI at point 2: buy < 35, sell > 65",EURUSD,4-5,3R,24,0,37.5,0.0,62.5,0.4964,0.3953,0.7766,9.49,6.57,6
3 quality,rsi35,"RSI at point 2: buy < 35, sell > 65",XAUUSD,1-5,1R,35,0,62.9,0.0,37.1,0.2571,0.1852,0.3349,6.48,6.25,5
3 quality,rsi35,"RSI at point 2: buy < 35, sell > 65",XAUUSD,1-5,2R,35,0,45.7,0.0,54.3,0.3714,0.2995,0.5055,10.48,11.31,10
3 quality,rsi35,"RSI at point 2: buy < 35, sell > 65",XAUUSD,1-5,3R,35,0,34.3,0.0,65.7,0.3714,0.2995,0.6382,10.48,12.65,10
3 quality,rsi35,"RSI at point 2: buy < 35, sell > 65",XAUUSD,1-3,1R,28,0,60.7,0.0,39.3,0.2143,0.1341,0.3814,3.76,6.25,5
3 quality,rsi35,"RSI at point 2: buy < 35, sell > 65",XAUUSD,1-3,2R,28,0,39.3,0.0,60.7,0.1786,0.0984,0.5555,2.76,11.31,10
3 quality,rsi35,"RSI at point 2: buy < 35, sell > 65",XAUUSD,1-3,3R,28,0,28.6,0.0,71.4,0.1429,0.0627,0.6796,1.76,12.47,10
3 quality,rsi35,"RSI at point 2: buy < 35, sell > 65",XAUUSD,4-5,1R,7,0,71.4,0.0,28.6,0.4286,0.3897,0.6684,2.73,2.07,2
3 quality,rsi35,"RSI at point 2: buy < 35, sell > 65",XAUUSD,4-5,2R,7,0,71.4,0.0,28.6,1.1429,1.1039,1.0029,7.73,2.07,2
3 quality,rsi35,"RSI at point 2: buy < 35, sell > 65",XAUUSD,4-5,3R,7,0,57.1,0.0,42.9,1.2857,1.2467,1.4762,8.73,3.16,3
3 quality,rsi35,"RSI at point 2: buy < 35, sell > 65",ALL,1-5,1R,171,0,56.7,0.0,43.3,0.1324,0.0494,0.1503,8.45,20.45,6
3 quality,rsi35,"RSI at point 2: buy < 35, sell > 65",ALL,1-5,2R,171,0,43.3,0.0,56.7,0.2961,0.2132,0.2248,36.45,30.69,14
3 quality,rsi35,"RSI at point 2: buy < 35, sell > 65",ALL,1-5,3R,171,0,36.3,0.0,63.7,0.4482,0.3652,0.2896,62.44,21.72,9
3 quality,rsi35,"RSI at point 2: buy < 35, sell > 65",ALL,1-3,1R,114,0,54.4,0.0,45.6,0.0853,0.0046,0.1861,0.52,17.63,6
3 quality,rsi35,"RSI at point 2: buy < 35, sell > 65",ALL,1-3,2R,114,0,37.7,0.0,62.3,0.1291,0.0484,0.2707,5.52,30.69,14
3 quality,rsi35,"RSI at point 2: buy < 35, sell > 65",ALL,1-3,3R,114,0,32.5,0.0,67.5,0.2958,0.2151,0.3468,24.52,21.72,9
3 quality,rsi35,"RSI at point 2: buy < 35, sell > 65",ALL,4-5,1R,57,0,61.4,0.0,38.6,0.2266,0.139,0.253,7.93,5.08,4
3 quality,rsi35,"RSI at point 2: buy < 35, sell > 65",ALL,4-5,2R,57,0,54.4,0.0,45.6,0.6301,0.5426,0.3882,30.93,5.77,5
3 quality,rsi35,"RSI at point 2: buy < 35, sell > 65",ALL,4-5,3R,57,0,43.9,0.0,56.1,0.7529,0.6653,0.5146,37.92,8.77,8
3 quality,diff5,RSI difference between points >= 5,BTCUSDT,1-5,1R,37,0,59.5,0.0,40.5,0.1892,0.0938,0.3219,3.47,5.95,3
3 quality,diff5,RSI difference between points >= 5,BTCUSDT,1-5,2R,37,0,43.2,0.0,56.8,0.2973,0.202,0.4839,7.47,6.36,5
3 quality,diff5,RSI difference between points >= 5,BTCUSDT,1-5,3R,37,0,32.4,0.0,67.6,0.2973,0.2019,0.6078,7.47,7.79,7
3 quality,diff5,RSI difference between points >= 5,BTCUSDT,1-3,1R,24,0,66.7,0.0,33.3,0.3333,0.259,0.3814,6.22,4.64,3
3 quality,diff5,RSI difference between points >= 5,BTCUSDT,1-3,2R,24,0,54.2,0.0,45.8,0.625,0.5507,0.6016,13.22,3.72,3
3 quality,diff5,RSI difference between points >= 5,BTCUSDT,1-3,3R,24,0,37.5,0.0,62.5,0.5,0.4256,0.78,10.21,7.79,7
3 quality,diff5,RSI difference between points >= 5,BTCUSDT,4-5,1R,13,0,46.2,0.0,53.8,-0.0769,-0.2113,0.5489,-2.75,3.91,3
3 quality,diff5,RSI difference between points >= 5,BTCUSDT,4-5,2R,13,0,23.1,0.0,76.9,-0.3077,-0.4418,0.6886,-5.74,6.36,5
3 quality,diff5,RSI difference between points >= 5,BTCUSDT,4-5,3R,13,0,23.1,0.0,76.9,-0.0769,-0.211,0.9168,-2.74,5.87,5
3 quality,diff5,RSI difference between points >= 5,EURUSD,1-5,1R,25,0,52.0,0.0,48.0,0.04,-0.0759,0.4023,-1.9,7.2,6
3 quality,diff5,RSI difference between points >= 5,EURUSD,1-5,2R,25,0,44.0,0.0,56.0,0.32,0.2041,0.6005,5.1,9.05,6
3 quality,diff5,RSI difference between points >= 5,EURUSD,1-5,3R,25,0,32.0,0.0,68.0,0.28,0.1641,0.7443,4.1,7.2,6
3 quality,diff5,RSI difference between points >= 5,EURUSD,1-3,1R,12,0,50.0,0.0,50.0,0.0,-0.0874,0.5594,-1.05,3.39,3
3 quality,diff5,RSI difference between points >= 5,EURUSD,1-3,2R,12,0,41.7,0.0,58.3,0.25,0.1626,0.8605,1.95,4.69,4
3 quality,diff5,RSI difference between points >= 5,EURUSD,1-3,3R,12,0,25.0,0.0,75.0,0.0,-0.0875,1.0017,-1.05,4.21,4
3 quality,diff5,RSI difference between points >= 5,EURUSD,4-5,1R,13,0,53.8,0.0,46.2,0.0769,-0.0652,0.5761,-0.85,7.2,6
3 quality,diff5,RSI difference between points >= 5,EURUSD,4-5,2R,13,0,46.2,0.0,53.8,0.3846,0.2424,0.8377,3.15,7.2,6
3 quality,diff5,RSI difference between points >= 5,EURUSD,4-5,3R,13,0,38.5,0.0,61.5,0.5385,0.3963,1.0774,5.15,7.2,6
3 quality,diff5,RSI difference between points >= 5,XAUUSD,1-5,1R,13,1,41.7,0.0,58.3,-0.1667,-0.2049,0.5516,-2.46,5.26,5
3 quality,diff5,RSI difference between points >= 5,XAUUSD,1-5,2R,13,1,16.7,0.0,83.3,-0.5,-0.5382,0.6352,-6.46,9.38,9
3 quality,diff5,RSI difference between points >= 5,XAUUSD,1-5,3R,13,1,8.3,0.0,91.7,-0.6667,-0.7049,0.6243,-8.46,10.39,10
3 quality,diff5,RSI difference between points >= 5,XAUUSD,1-3,1R,10,0,40.0,0.0,60.0,-0.2,-0.2395,0.6006,-2.39,5.2,5
3 quality,diff5,RSI difference between points >= 5,XAUUSD,1-3,2R,10,0,10.0,0.0,90.0,-0.7,-0.7394,0.5639,-7.39,9.38,9
3 quality,diff5,RSI difference between points >= 5,XAUUSD,1-3,3R,10,0,0.0,0.0,100.0,-1.0,-1.0394,0.0194,-10.39,10.39,10
3 quality,diff5,RSI difference between points >= 5,XAUUSD,4-5,1R,3,1,50.0,0.0,50.0,0.0,-0.032,1.3663,-0.06,1.02,1
3 quality,diff5,RSI difference between points >= 5,XAUUSD,4-5,2R,3,1,50.0,0.0,50.0,0.5,0.4679,2.0592,0.94,1.02,1
3 quality,diff5,RSI difference between points >= 5,XAUUSD,4-5,3R,3,1,50.0,0.0,50.0,1.0,0.9679,2.7521,1.94,1.02,1
3 quality,diff5,RSI difference between points >= 5,ALL,1-5,1R,75,1,54.1,0.0,45.9,0.0811,-0.012,0.2303,-0.89,15.09,6
3 quality,diff5,RSI difference between points >= 5,ALL,1-5,2R,75,1,39.2,0.0,60.8,0.1757,0.0827,0.3379,6.12,17.94,9
3 quality,diff5,RSI difference between points >= 5,ALL,1-5,3R,75,1,28.4,0.0,71.6,0.1351,0.0421,0.4141,3.11,13.3,9
3 quality,diff5,RSI difference between points >= 5,ALL,1-3,1R,46,0,56.5,0.0,43.5,0.1304,0.0603,0.286,2.77,10.91,6
3 quality,diff5,RSI difference between points >= 5,ALL,1-3,2R,46,0,41.3,0.0,58.7,0.2391,0.169,0.4304,7.77,14.07,7
3 quality,diff5,RSI difference between points >= 5,ALL,1-3,3R,46,0,26.1,0.0,73.9,0.0435,-0.0267,0.5114,-1.23,12.83,8
3 quality,diff5,RSI difference between points >= 5,ALL,4-5,1R,29,1,50.0,0.0,50.0,0.0,-0.1307,0.3831,-3.66,7.82,6
3 quality,diff5,RSI difference between points >= 5,ALL,4-5,2R,29,1,35.7,0.0,64.3,0.0714,-0.0592,0.5413,-1.66,10.68,9
3 quality,diff5,RSI difference between points >= 5,ALL,4-5,3R,29,1,32.1,0.0,67.9,0.2857,0.1551,0.6991,4.34,10.68,9
3 quality,dist10,Distance between points >= 10 candles,BTCUSDT,1-5,1R,98,0,55.1,0.0,44.9,0.102,-0.0005,0.1994,-0.05,10.7,8
3 quality,dist10,Distance between points >= 10 candles,BTCUSDT,1-5,2R,98,0,42.9,0.0,57.1,0.2857,0.1831,0.2957,17.95,12.64,9
3 quality,dist10,Distance between points >= 10 candles,BTCUSDT,1-5,3R,98,0,35.7,0.0,64.3,0.4286,0.3259,0.3804,31.94,17.72,16
3 quality,dist10,Distance between points >= 10 candles,BTCUSDT,1-3,1R,52,0,55.8,0.0,44.2,0.1154,0.0284,0.2704,1.48,7.53,3
3 quality,dist10,Distance between points >= 10 candles,BTCUSDT,1-3,2R,52,0,38.5,0.0,61.5,0.1538,0.0667,0.3981,3.47,12.64,4
3 quality,dist10,Distance between points >= 10 candles,BTCUSDT,1-3,3R,52,0,32.7,0.0,67.3,0.3077,0.2205,0.5118,11.47,13.64,7
3 quality,dist10,Distance between points >= 10 candles,BTCUSDT,4-5,1R,46,0,54.3,0.0,45.7,0.087,-0.0331,0.2947,-1.52,10.7,8
3 quality,dist10,Distance between points >= 10 candles,BTCUSDT,4-5,2R,46,0,47.8,0.0,52.2,0.4348,0.3147,0.4378,14.48,10.7,9
3 quality,dist10,Distance between points >= 10 candles,BTCUSDT,4-5,3R,46,0,39.1,0.0,60.9,0.5652,0.4451,0.5656,20.48,17.72,16
3 quality,dist10,Distance between points >= 10 candles,EURUSD,1-5,1R,98,0,59.2,0.0,40.8,0.1799,0.0661,0.1979,6.48,9.7,5
3 quality,dist10,Distance between points >= 10 candles,EURUSD,1-5,2R,98,0,43.9,0.0,56.1,0.3126,0.1988,0.2973,19.48,19.59,14
3 quality,dist10,Distance between points >= 10 candles,EURUSD,1-5,3R,98,0,34.7,0.0,65.3,0.384,0.2702,0.3795,26.48,13.25,9
3 quality,dist10,Distance between points >= 10 candles,EURUSD,1-3,1R,51,0,52.9,0.0,47.1,0.0533,-0.0488,0.2801,-2.49,9.6,5
3 quality,dist10,Distance between points >= 10 candles,EURUSD,1-3,2R,51,0,33.3,0.0,66.7,-0.0055,-0.1076,0.3942,-5.49,19.59,14
3 quality,dist10,Distance between points >= 10 candles,EURUSD,1-3,3R,51,0,27.5,0.0,72.5,0.0926,-0.0096,0.4959,-0.49,13.25,9
3 quality,dist10,Distance between points >= 10 candles,EURUSD,4-5,1R,47,0,66.0,0.0,34.0,0.3173,0.1908,0.2748,8.97,6.44,5
3 quality,dist10,Distance between points >= 10 candles,EURUSD,4-5,2R,47,0,55.3,0.0,44.7,0.6577,0.5312,0.4289,24.97,6.78,6
3 quality,dist10,Distance between points >= 10 candles,EURUSD,4-5,3R,47,0,42.6,0.0,57.4,0.7003,0.5738,0.5675,26.97,6.78,6
3 quality,dist10,Distance between points >= 10 candles,XAUUSD,1-5,1R,61,1,53.3,0.0,46.7,0.0667,0.0117,0.2573,0.7,12.41,5
3 quality,dist10,Distance between points >= 10 candles,XAUUSD,1-5,2R,61,1,36.7,0.0,63.3,0.1,0.045,0.3699,2.7,21.68,8
3 quality,dist10,Distance between points >= 10 candles,XAUUSD,1-5,3R,61,1,30.0,0.0,70.0,0.2,0.145,0.4673,8.7,20.2,15
3 quality,dist10,Distance between points >= 10 candles,XAUUSD,1-3,1R,44,0,54.5,0.0,45.5,0.0909,0.0258,0.3028,1.14,9.87,4
3 quality,dist10,Distance between points >= 10 candles,XAUUSD,1-3,2R,44,0,36.4,0.0,63.6,0.0909,0.0259,0.4331,1.14,18.25,8
3 quality,dist10,Distance between points >= 10 candles,XAUUSD,1-3,3R,44,0,29.5,0.0,70.5,0.1818,0.1168,0.5453,5.14,20.2,15
3 quality,dist10,Distance between points >= 10 candles,XAUUSD,4-5,1R,17,1,50.0,0.0,50.0,0.0,-0.0272,0.4866,-0.44,5.23,5
3 quality,dist10,Distance between points >= 10 candles,XAUUSD,4-5,2R,17,1,37.5,0.0,62.5,0.125,0.0978,0.7101,1.56,5.12,5
3 quality,dist10,Distance between points >= 10 candles,XAUUSD,4-5,3R,17,1,31.2,0.0,68.8,0.25,0.2228,0.9056,3.56,5.12,5
3 quality,dist10,Distance between points >= 10 candles,ALL,1-5,1R,257,1,56.2,0.0,43.8,0.1236,0.0279,0.1234,7.13,24.71,6
3 quality,dist10,Distance between points >= 10 candles,ALL,1-5,2R,257,1,41.8,0.0,58.2,0.2525,0.1568,0.1826,40.13,35.96,9
3 quality,dist10,Distance between points >= 10 candles,ALL,1-5,3R,257,1,34.0,0.0,66.0,0.3579,0.2622,0.2332,67.12,31.83,12
3 quality,dist10,Distance between points >= 10 candles,ALL,1-3,1R,147,0,54.4,0.0,45.6,0.0865,0.0008,0.1638,0.12,20.43,4
3 quality,dist10,Distance between points >= 10 candles,ALL,1-3,2R,147,0,36.1,0.0,63.9,0.0797,-0.006,0.2356,-0.88,35.96,9
3 quality,dist10,Distance between points >= 10 candles,ALL,1-3,3R,147,0,29.9,0.0,70.1,0.1954,0.1096,0.2988,16.12,31.83,12
3 quality,dist10,Distance between points >= 10 candles,ALL,4-5,1R,110,1,58.7,0.0,41.3,0.1735,0.0643,0.1872,7.01,17.76,6
3 quality,dist10,Distance between points >= 10 candles,ALL,4-5,2R,110,1,49.5,0.0,50.5,0.4855,0.3762,0.2829,41.01,12.76,7
3 quality,dist10,Distance between points >= 10 candles,ALL,4-5,3R,110,1,39.4,0.0,60.6,0.5772,0.468,0.3674,51.01,20.63,8
4 trend,daily,Daily EMA 200 on the same side too,BTCUSDT,1-5,1R,175,0,56.6,0.0,43.4,0.1314,0.0238,0.1478,4.17,14.92,7
4 trend,daily,Daily EMA 200 on the same side too,BTCUSDT,1-5,2R,175,0,41.1,0.0,58.9,0.2343,0.1267,0.2201,22.16,14.05,11
4 trend,daily,Daily EMA 200 on the same side too,BTCUSDT,1-5,3R,175,0,33.7,0.0,66.3,0.3486,0.2409,0.2808,42.16,17.05,15
4 trend,daily,Daily EMA 200 on the same side too,BTCUSDT,1-3,1R,106,0,56.6,0.0,43.4,0.1321,0.0296,0.1907,3.13,12.66,5
4 trend,daily,Daily EMA 200 on the same side too,BTCUSDT,1-3,2R,106,0,39.6,0.0,60.4,0.1887,0.0861,0.2809,9.13,14.05,8
4 trend,daily,Daily EMA 200 on the same side too,BTCUSDT,1-3,3R,106,0,33.0,0.0,67.0,0.3208,0.2181,0.359,23.12,17.05,15
4 trend,daily,Daily EMA 200 on the same side too,BTCUSDT,4-5,1R,69,0,56.5,0.0,43.5,0.1304,0.015,0.234,1.04,9.32,7
4 trend,daily,Daily EMA 200 on the same side too,BTCUSDT,4-5,2R,69,0,43.5,0.0,56.5,0.3043,0.1889,0.3536,13.04,11.83,11
4 trend,daily,Daily EMA 200 on the same side too,BTCUSDT,4-5,3R,69,0,34.8,0.0,65.2,0.3913,0.2759,0.4504,19.04,11.83,11
4 trend,daily,Daily EMA 200 on the same side too,EURUSD,1-5,1R,169,0,55.6,0.0,44.4,0.1103,0.0063,0.1502,1.07,16.65,7
4 trend,daily,Daily EMA 200 on the same side too,EURUSD,1-5,2R,169,0,37.9,0.0,62.1,0.1339,0.03,0.2193,5.07,36.92,14
4 trend,daily,Daily EMA 200 on the same side too,EURUSD,1-5,3R,169,0,30.2,0.0,69.8,0.2037,0.0998,0.2766,16.87,31.31,13
4 trend,daily,Daily EMA 200 on the same side too,EURUSD,1-3,1R,95,0,49.5,0.0,50.5,-0.0135,-0.1134,0.2008,-10.78,15.61,6
4 trend,daily,Daily EMA 200 on the same side too,EURUSD,1-3,2R,95,0,27.4,0.0,72.6,-0.1819,-0.2818,0.2695,-26.77,36.92,14
4 trend,daily,Daily EMA 200 on the same side too,EURUSD,1-3,3R,95,0,21.1,0.0,78.9,-0.1608,-0.2608,0.3274,-24.78,31.31,13
4 trend,daily,Daily EMA 200 on the same side too,EURUSD,4-5,1R,74,0,63.5,0.0,36.5,0.2691,0.1601,0.2212,11.84,9.13,7
4 trend,daily,Daily EMA 200 on the same side too,EURUSD,4-5,2R,74,0,51.4,0.0,48.6,0.5394,0.4303,0.3412,31.84,11.18,9
4 trend,daily,Daily EMA 200 on the same side too,EURUSD,4-5,3R,74,0,41.9,0.0,58.1,0.6718,0.5627,0.4502,41.64,13.36,9
4 trend,daily,Daily EMA 200 on the same side too,XAUUSD,1-5,1R,97,2,52.6,0.0,47.4,0.0526,0.0077,0.2017,0.73,13.35,9
4 trend,daily,Daily EMA 200 on the same side too,XAUUSD,1-5,2R,97,2,38.9,0.0,61.1,0.1684,0.1235,0.2952,11.73,21.35,13
4 trend,daily,Daily EMA 200 on the same side too,XAUUSD,1-5,3R,97,2,31.6,0.0,68.4,0.2632,0.2182,0.3749,20.73,19.35,13
4 trend,daily,Daily EMA 200 on the same side too,XAUUSD,1-3,1R,63,0,55.6,0.0,44.4,0.1111,0.0623,0.2466,3.93,10.67,4
4 trend,daily,Daily EMA 200 on the same side too,XAUUSD,1-3,2R,63,0,38.1,0.0,61.9,0.1429,0.0941,0.3608,5.93,19.19,10
4 trend,daily,Daily EMA 200 on the same side too,XAUUSD,1-3,3R,63,0,30.2,0.0,69.8,0.2063,0.1576,0.4546,9.93,17.19,13
4 trend,daily,Daily EMA 200 on the same side too,XAUUSD,4-5,1R,34,2,46.9,0.0,53.1,-0.0625,-0.0999,0.3473,-3.2,9.67,9
4 trend,daily,Daily EMA 200 on the same side too,XAUUSD,4-5,2R,34,2,40.6,0.0,59.4,0.2188,0.1814,0.5129,5.8,13.67,13
4 trend,daily,Daily EMA 200 on the same side too,XAUUSD,4-5,3R,34,2,34.4,0.0,65.6,0.375,0.3376,0.6595,10.8,13.67,13
4 trend,daily,Daily EMA 200 on the same side too,ALL,1-5,1R,441,2,55.4,0.0,44.6,0.1062,0.0136,0.0934,5.97,25.61,9
4 trend,daily,Daily EMA 200 on the same side too,ALL,1-5,2R,441,2,39.4,0.0,60.6,0.1814,0.0888,0.1376,38.97,49.04,12
4 trend,daily,Daily EMA 200 on the same side too,ALL,1-5,3R,441,2,31.9,0.0,68.1,0.2743,0.1817,0.1746,79.76,39.04,14
4 trend,daily,Daily EMA 200 on the same side too,ALL,1-3,1R,264,0,53.8,0.0,46.2,0.0747,-0.0141,0.121,-3.72,23.46,6
4 trend,daily,Daily EMA 200 on the same side too,ALL,1-3,2R,264,0,34.8,0.0,65.2,0.0444,-0.0444,0.1732,-11.72,49.04,12
4 trend,daily,Daily EMA 200 on the same side too,ALL,1-3,3R,264,0,28.0,0.0,72.0,0.1202,0.0313,0.2171,8.27,39.04,14
4 trend,daily,Daily EMA 200 on the same side too,ALL,4-5,1R,177,2,57.7,0.0,42.3,0.1538,0.0554,0.1467,9.69,16.73,9
4 trend,daily,Daily EMA 200 on the same side too,ALL,4-5,2R,177,2,46.3,0.0,53.7,0.3881,0.2896,0.2222,50.69,20.03,11
4 trend,daily,Daily EMA 200 on the same side too,ALL,4-5,3R,177,2,37.7,0.0,62.3,0.5069,0.4085,0.2876,71.48,27.64,11
4 trend,slope,Own EMA 200 sloping the trade way,BTCUSDT,1-5,1R,201,0,55.2,0.0,44.8,0.1045,-0.0069,0.1376,-1.39,20.3,6
4 trend,slope,Own EMA 200 sloping the trade way,BTCUSDT,1-5,2R,201,0,42.3,0.0,57.7,0.2687,0.1572,0.2053,31.6,16.29,12
4 trend,slope,Own EMA 200 sloping the trade way,BTCUSDT,1-5,3R,201,0,35.8,0.0,64.2,0.4328,0.3213,0.2649,64.59,14.3,12
4 trend,slope,Own EMA 200 sloping the trade way,BTCUSDT,1-3,1R,116,0,54.3,0.0,45.7,0.0862,-0.0176,0.1824,-2.04,15.29,5
4 trend,slope,Own EMA 200 sloping the trade way,BTCUSDT,1-3,2R,116,0,38.8,0.0,61.2,0.1638,0.06,0.2668,6.96,16.29,12
4 trend,slope,Own EMA 200 sloping the trade way,BTCUSDT,1-3,3R,116,0,34.5,0.0,65.5,0.3793,0.2755,0.3467,31.95,14.02,12
4 trend,slope,Own EMA 200 sloping the trade way,BTCUSDT,4-5,1R,85,0,56.5,0.0,43.5,0.1294,0.0076,0.2095,0.65,12.86,6
4 trend,slope,Own EMA 200 sloping the trade way,BTCUSDT,4-5,2R,85,0,47.1,0.0,52.9,0.4118,0.2899,0.3188,24.64,13.73,8
4 trend,slope,Own EMA 200 sloping the trade way,BTCUSDT,4-5,3R,85,0,37.6,0.0,62.4,0.5059,0.384,0.4102,32.64,14.3,8
4 trend,slope,Own EMA 200 sloping the trade way,EURUSD,1-5,1R,172,0,54.7,0.0,45.3,0.0909,-0.0234,0.1495,-4.03,22.3,7
4 trend,slope,Own EMA 200 sloping the trade way,EURUSD,1-5,2R,172,0,37.8,0.0,62.2,0.1316,0.0173,0.2176,2.97,39.72,15
4 trend,slope,Own EMA 200 sloping the trade way,EURUSD,1-5,3R,172,0,28.5,0.0,71.5,0.1362,0.0219,0.2697,3.77,42.01,19
4 trend,slope,Own EMA 200 sloping the trade way,EURUSD,1-3,1R,93,0,46.2,0.0,53.8,-0.0783,-0.1879,0.2025,-17.48,19.94,5
4 trend,slope,Own EMA 200 sloping the trade way,EURUSD,1-3,2R,93,0,25.8,0.0,74.2,-0.2288,-0.3385,0.2673,-31.48,39.72,15
4 trend,slope,Own EMA 200 sloping the trade way,EURUSD,1-3,3R,93,0,18.3,0.0,81.7,-0.2718,-0.3815,0.3131,-35.48,42.01,19
4 trend,slope,Own EMA 200 sloping the trade way,EURUSD,4-5,1R,79,0,64.6,0.0,35.4,0.2901,0.1702,0.2138,13.45,9.2,7
4 trend,slope,Own EMA 200 sloping the trade way,EURUSD,4-5,2R,79,0,51.9,0.0,48.1,0.5559,0.436,0.331,34.45,11.25,9
4 trend,slope,Own EMA 200 sloping the trade way,EURUSD,4-5,3R,79,0,40.5,0.0,59.5,0.6166,0.4967,0.4344,39.24,13.43,9
4 trend,slope,Own EMA 200 sloping the trade way,XAUUSD,1-5,1R,112,0,54.5,0.0,45.5,0.0893,0.0311,0.188,3.49,13.1,9
4 trend,slope,Own EMA 200 sloping the trade way,XAUUSD,1-5,2R,112,0,41.1,0.0,58.9,0.2321,0.174,0.2762,19.49,21.28,11
4 trend,slope,Own EMA 200 sloping the trade way,XAUUSD,1-5,3R,112,0,32.1,0.0,67.9,0.2857,0.2275,0.3483,25.49,20.66,11
4 trend,slope,Own EMA 200 sloping the trade way,XAUUSD,1-3,1R,76,0,55.3,0.0,44.7,0.1053,0.0377,0.2296,2.86,11.42,4
4 trend,slope,Own EMA 200 sloping the trade way,XAUUSD,1-3,2R,76,0,39.5,0.0,60.5,0.1842,0.1166,0.3341,8.87,21.28,11
4 trend,slope,Own EMA 200 sloping the trade way,XAUUSD,1-3,3R,76,0,30.3,0.0,69.7,0.2105,0.143,0.4168,10.86,19.28,11
4 trend,slope,Own EMA 200 sloping the trade way,XAUUSD,4-5,1R,36,0,52.8,0.0,47.2,0.0556,0.0173,0.3272,0.62,9.42,9
4 trend,slope,Own EMA 200 sloping the trade way,XAUUSD,4-5,2R,36,0,44.4,0.0,55.6,0.3333,0.295,0.4881,10.62,10.45,10
4 trend,slope,Own EMA 200 sloping the trade way,XAUUSD,4-5,3R,36,0,36.1,0.0,63.9,0.4444,0.4061,0.6287,14.62,11.82,10
4 trend,slope,Own EMA 200 sloping the trade way,ALL,1-5,1R,485,0,54.8,0.0,45.2,0.0962,-0.004,0.0892,-1.94,34.15,7
4 trend,slope,Own EMA 200 sloping the trade way,ALL,1-5,2R,485,0,40.4,0.0,59.6,0.2116,0.1115,0.1315,54.06,57.34,14
4 trend,slope,Own EMA 200 sloping the trade way,ALL,1-5,3R,485,0,32.4,0.0,67.6,0.2937,0.1935,0.1668,93.84,37.45,14
4 trend,slope,Own EMA 200 sloping the trade way,ALL,1-3,1R,285,0,51.9,0.0,48.1,0.0376,-0.0584,0.1172,-16.65,29.7,7
4 trend,slope,Own EMA 200 sloping the trade way,ALL,1-3,2R,285,0,34.7,0.0,65.3,0.0411,-0.0549,0.167,-15.65,57.34,14
4 trend,slope,Own EMA 200 sloping the trade way,ALL,1-3,3R,285,0,28.1,0.0,71.9,0.1218,0.0258,0.2094,7.34,37.45,14
4 trend,slope,Own EMA 200 sloping the trade way,ALL,4-5,1R,200,0,59.0,0.0,41.0,0.1796,0.0736,0.1366,14.71,18.63,7
4 trend,slope,Own EMA 200 sloping the trade way,ALL,4-5,2R,200,0,48.5,0.0,51.5,0.4546,0.3486,0.208,69.71,16.65,11
4 trend,slope,Own EMA 200 sloping the trade way,ALL,4-5,3R,200,0,38.5,0.0,61.5,0.5386,0.4325,0.2696,86.5,21.86,11
